campaign,kind,model,architecture,flavor,complete,bench,bench_id,baseline_csynth,baseline_cosim,baseline_lut,baseline_dsp,baseline_bram,baseline_ff,flash_csynth,flash_cosim,flash_lut,flash_dsp,flash_bram,flash_ff,dataflow_csynth,dataflow_cosim,dataflow_lut,dataflow_dsp,dataflow_bram,dataflow_ff,dataflow_ok,final_csynth,final_cosim,final_lut,final_dsp,final_bram,final_ff,path
batch_parallel_chathls_fd_20260713_chathls_fd_externc,c2hls-chathls-benches,Devstral,base/unknown,,True,2mm,chathls_kernel_2mm,25296077,,38403,20,8,26447,73875,,41967,168,84,73545,,,,,,,False,73875,,41967,168,84,73545,/scratch/hpc-prf-llmfpga/asa582/projects/c2hls/artifacts/pc2/batch_parallel_chathls_fd_20260713_chathls_fd_externc
batch_parallel_chathls_fd_20260713_chathls_fd_externc,c2hls-chathls-benches,Devstral,base/unknown,,True,3mm,chathls_kernel_3mm,45441119,,361516,14,30,125211,100086,,84207,663,566,144735,,,,,,,False,100086,,84207,663,566,144735,/scratch/hpc-prf-llmfpga/asa582/projects/c2hls/artifacts/pc2/batch_parallel_chathls_fd_20260713_chathls_fd_externc
batch_parallel_chathls_fd_20260713_chathls_fd_externc,c2hls-chathls-benches,Devstral,base/unknown,,True,atax,chathls_atax,236250,,25208,8,4,26830,1099,,20847,336,16,37582,1139,,20755,336,16,38595,True,1099,,20847,336,16,37582,/scratch/hpc-prf-llmfpga/asa582/projects/c2hls/artifacts/pc2/batch_parallel_chathls_fd_20260713_chathls_fd_externc
batch_parallel_chathls_fd_20260713_chathls_fd_externc,c2hls-chathls-benches,Devstral,base/unknown,,True,bicg,chathls_bicg,234516,,23798,12,4,24382,1056,,19730,304,20,34081,1053,,29742,304,20,54271,True,1056,,19730,304,20,34081,/scratch/hpc-prf-llmfpga/asa582/projects/c2hls/artifacts/pc2/batch_parallel_chathls_fd_20260713_chathls_fd_externc
batch_parallel_chathls_fd_20260713_chathls_fd_externc,c2hls-chathls-benches,Devstral,base/unknown,,True,covariance,chathls_covariance,233415,,69911,4,8,40998,42690,,9621,4,32,10810,,,,,,,False,42690,,9621,4,32,10810,/scratch/hpc-prf-llmfpga/asa582/projects/c2hls/artifacts/pc2/batch_parallel_chathls_fd_20260713_chathls_fd_externc
batch_parallel_chathls_fd_20260713_chathls_fd_externc,c2hls-chathls-benches,Devstral,base/unknown,,True,gemm,chathls_gemm,2871462,,30788,12,4,21949,2281,,18636,183,12,21983,2283,,17906,183,12,22572,True,2281,,18636,183,12,21983,/scratch/hpc-prf-llmfpga/asa582/projects/c2hls/artifacts/pc2/batch_parallel_chathls_fd_20260713_chathls_fd_externc
batch_parallel_chathls_fd_20260713_chathls_fd_externc,c2hls-chathls-benches,Devstral,base/unknown,,True,gemm_blocked,chathls_gemm_blocked,901125,,40482,22,30,23882,612682,,21029,22,90,35707,,,,,,,False,612682,,21029,22,90,35707,/scratch/hpc-prf-llmfpga/asa582/projects/c2hls/artifacts/pc2/batch_parallel_chathls_fd_20260713_chathls_fd_externc
batch_parallel_chathls_fd_20260713_chathls_fd_externc,c2hls-chathls-benches,Devstral,base/unknown,,True,gemm_ncubed,chathls_gemm_ncubed,295512,,152198,11,30,60410,42449,,88694,704,106,116583,46549,,82578,704,122,118242,True,42449,,88694,704,106,116583,/scratch/hpc-prf-llmfpga/asa582/projects/c2hls/artifacts/pc2/batch_parallel_chathls_fd_20260713_chathls_fd_externc
batch_parallel_chathls_fd_20260713_chathls_fd_externc,c2hls-chathls-benches,Devstral,base/unknown,,True,gesummv,chathls_gesummv,1499,,10272,8,4,11651,698,,18484,248,20,27375,696,,16711,248,20,28587,True,698,,18484,248,20,27375,/scratch/hpc-prf-llmfpga/asa582/projects/c2hls/artifacts/pc2/batch_parallel_chathls_fd_20260713_chathls_fd_externc
batch_parallel_chathls_fd_20260713_chathls_fd_externc,c2hls-chathls-benches,Devstral,base/unknown,,True,matmul,chathls_matmul,34963,,78416,3,30,28613,34974,,12477,3,96,14903,34970,,11794,3,102,15606,True,34974,,12477,3,96,14903,/scratch/hpc-prf-llmfpga/asa582/projects/c2hls/artifacts/pc2/batch_parallel_chathls_fd_20260713_chathls_fd_externc
batch_parallel_chathls_fd_20260713_chathls_fd_externc,c2hls-chathls-benches,Devstral,base/unknown,,True,mvt,chathls_mvt,14327,,56806,8,16,25208,474,,37333,320,80,97298,,,,,,,False,474,,37333,320,80,97298,/scratch/hpc-prf-llmfpga/asa582/projects/c2hls/artifacts/pc2/batch_parallel_chathls_fd_20260713_chathls_fd_externc
batch_parallel_chathls_fd_20260713_chathls_fd_externc,c2hls-chathls-benches,Devstral,base/unknown,,True,symm,chathls_kernel_symm,37430401,,24552,19,4,58192,24552001,,29209,19,12,57775,,,,,,,False,24552001,,29209,19,12,57775,/scratch/hpc-prf-llmfpga/asa582/projects/c2hls/artifacts/pc2/batch_parallel_chathls_fd_20260713_chathls_fd_externc
batch_parallel_chathls_fd_20260713_chathls_fd_externc,c2hls-chathls-benches,Devstral,base/unknown,,True,syr2k,chathls_kernel_syr2k,1952641,,4588,11,4,4919,,,16669,37,94,18685,,,,,,,,,,16669,37,94,18685,/scratch/hpc-prf-llmfpga/asa582/projects/c2hls/artifacts/pc2/batch_parallel_chathls_fd_20260713_chathls_fd_externc
batch_parallel_chathls_fd_20260713_chathls_fd_externc,c2hls-chathls-benches,Devstral,base/unknown,,True,syrk,chathls_kernel_syrk,1183841,,4349,11,4,4252,118874,,13060,52,46,16363,110796,,11594,52,46,15648,True,118874,,13060,52,46,16363,/scratch/hpc-prf-llmfpga/asa582/projects/c2hls/artifacts/pc2/batch_parallel_chathls_fd_20260713_chathls_fd_externc
batch_parallel_chathls_fd_20260714_chathls_rag,c2hls-chathls-benches,Devstral,scrape/RAG1+skills,,True,2mm,chathls_kernel_2mm,25296077,,38403,20,8,26447,55034,,84678,780,184,129707,55035,,77768,780,388,125787,True,55034,,84678,780,184,129707,/scratch/hpc-prf-llmfpga/asa582/projects/c2hls/artifacts/pc2/batch_parallel_chathls_fd_20260714_chathls_rag
batch_parallel_chathls_fd_20260714_chathls_rag,c2hls-chathls-benches,Devstral,scrape/RAG1+skills,,True,3mm,chathls_kernel_3mm,45441119,,361516,14,30,125211,90346,,98915,663,366,152845,67093,,167482,2091,498,273191,True,90346,,98915,663,366,152845,/scratch/hpc-prf-llmfpga/asa582/projects/c2hls/artifacts/pc2/batch_parallel_chathls_fd_20260714_chathls_rag
batch_parallel_chathls_fd_20260714_chathls_rag,c2hls-chathls-benches,Devstral,scrape/RAG1+skills,,True,atax,chathls_atax,236250,,25208,8,4,26830,1098,,19423,168,16,27264,1098,,31647,168,16,48717,True,1098,,19423,168,16,27264,/scratch/hpc-prf-llmfpga/asa582/projects/c2hls/artifacts/pc2/batch_parallel_chathls_fd_20260714_chathls_rag
batch_parallel_chathls_fd_20260714_chathls_rag,c2hls-chathls-benches,Devstral,scrape/RAG1+skills,,True,bicg,chathls_bicg,234516,,23798,12,4,24382,1056,,19730,304,20,34081,1097,,24457,304,20,44344,True,1056,,19730,304,20,34081,/scratch/hpc-prf-llmfpga/asa582/projects/c2hls/artifacts/pc2/batch_parallel_chathls_fd_20260714_chathls_rag
batch_parallel_chathls_fd_20260714_chathls_rag,c2hls-chathls-benches,Devstral,scrape/RAG1+skills,,True,covariance,chathls_covariance,233415,,69911,4,8,40998,35994,,12662,4,22,16649,41794,,10792,4,36,12945,True,35994,,12662,4,22,16649,/scratch/hpc-prf-llmfpga/asa582/projects/c2hls/artifacts/pc2/batch_parallel_chathls_fd_20260714_chathls_rag
batch_parallel_chathls_fd_20260714_chathls_rag,c2hls-chathls-benches,Devstral,scrape/RAG1+skills,,True,gemm,chathls_gemm,2871462,,30788,12,4,21949,2301,,18946,183,10,21974,2303,,18256,183,12,22559,True,2301,,18946,183,10,21974,/scratch/hpc-prf-llmfpga/asa582/projects/c2hls/artifacts/pc2/batch_parallel_chathls_fd_20260714_chathls_rag
batch_parallel_chathls_fd_20260714_chathls_rag,c2hls-chathls-benches,Devstral,scrape/RAG1+skills,,True,gemm_blocked,chathls_gemm_blocked,901125,,40482,22,30,23882,746497,,17815,8,90,31050,1319007,,11398,8,186,16245,True,746497,,17815,8,90,31050,/scratch/hpc-prf-llmfpga/asa582/projects/c2hls/artifacts/pc2/batch_parallel_chathls_fd_20260714_chathls_rag
batch_parallel_chathls_fd_20260714_chathls_rag,c2hls-chathls-benches,Devstral,scrape/RAG1+skills,,True,gemm_ncubed,chathls_gemm_ncubed,295512,,152198,11,30,60410,42449,,88688,704,106,116574,46549,,82572,704,122,118233,True,42449,,88688,704,106,116574,/scratch/hpc-prf-llmfpga/asa582/projects/c2hls/artifacts/pc2/batch_parallel_chathls_fd_20260714_chathls_rag
batch_parallel_chathls_fd_20260714_chathls_rag,c2hls-chathls-benches,Devstral,scrape/RAG1+skills,,True,gesummv,chathls_gesummv,1499,,10272,8,4,11651,698,,18789,248,20,27617,625,,17132,248,20,28893,True,698,,18789,248,20,27617,/scratch/hpc-prf-llmfpga/asa582/projects/c2hls/artifacts/pc2/batch_parallel_chathls_fd_20260714_chathls_rag
batch_parallel_chathls_fd_20260714_chathls_rag,c2hls-chathls-benches,Devstral,scrape/RAG1+skills,,True,matmul,chathls_matmul,34963,,78416,3,30,28613,18577,,12381,12,98,15383,19606,,12438,12,102,15774,True,18577,,12381,12,98,15383,/scratch/hpc-prf-llmfpga/asa582/projects/c2hls/artifacts/pc2/batch_parallel_chathls_fd_20260714_chathls_rag
batch_parallel_chathls_fd_20260714_chathls_rag,c2hls-chathls-benches,Devstral,scrape/RAG1+skills,,True,mvt,chathls_mvt,14327,,56806,8,16,25208,2603,,14407,16,88,15652,2604,,14458,16,96,14667,True,2603,,14407,16,88,15652,/scratch/hpc-prf-llmfpga/asa582/projects/c2hls/artifacts/pc2/batch_parallel_chathls_fd_20260714_chathls_rag
batch_parallel_chathls_fd_20260714_chathls_rag,c2hls-chathls-benches,Devstral,scrape/RAG1+skills,,True,symm,chathls_kernel_symm,37430401,,24552,19,4,58192,66528001,,10503,8,12,8182,1723521,,13850,19,222,18214,True,66528001,,10503,8,12,8182,/scratch/hpc-prf-llmfpga/asa582/projects/c2hls/artifacts/pc2/batch_parallel_chathls_fd_20260714_chathls_rag
batch_parallel_chathls_fd_20260714_chathls_rag,c2hls-chathls-benches,Devstral,scrape/RAG1+skills,,True,syr2k,chathls_kernel_syr2k,1952641,,4588,11,4,4919,407673,,12935,38,158,15760,396929,,12712,38,304,17243,True,407673,,12935,38,158,15760,/scratch/hpc-prf-llmfpga/asa582/projects/c2hls/artifacts/pc2/batch_parallel_chathls_fd_20260714_chathls_rag
batch_parallel_chathls_fd_20260714_chathls_rag,c2hls-chathls-benches,Devstral,scrape/RAG1+skills,,True,syrk,chathls_kernel_syrk,1183841,,4349,11,4,4252,118874,,13501,76,46,17911,110796,,12035,76,46,17196,True,118874,,13501,76,46,17911,/scratch/hpc-prf-llmfpga/asa582/projects/c2hls/artifacts/pc2/batch_parallel_chathls_fd_20260714_chathls_rag
batch_parallel_chathls_fd_ds_rag2_20260717_195140_rag2_skills,c2hls-chathls-benches,DeepSeek,RAG2+skills,rag2_skills,True,2mm,chathls_kernel_2mm,25296077,,38403,20,8,26447,54794,54763,85846,772,184,133578,,,,,,,False,54794,54763,85846,772,184,133578,/scratch/hpc-prf-llmfpga/asa582/projects/c2hls/artifacts/pc2/batch_parallel_chathls_fd_ds_rag2_20260717_195140_rag2_skills
batch_parallel_chathls_fd_ds_rag2_20260717_195140_rag2_skills,c2hls-chathls-benches,DeepSeek,RAG2+skills,rag2_skills,True,3mm,chathls_kernel_3mm,45441119,,361516,14,30,125211,90644,90539,100024,882,346,158198,,,,,,,False,90644,90539,100024,882,346,158198,/scratch/hpc-prf-llmfpga/asa582/projects/c2hls/artifacts/pc2/batch_parallel_chathls_fd_ds_rag2_20260717_195140_rag2_skills
batch_parallel_chathls_fd_ds_rag2_20260717_195140_rag2_skills,c2hls-chathls-benches,DeepSeek,RAG2+skills,rag2_skills,True,atax,chathls_atax,236250,,25208,8,4,26830,1921,2015,19561,337,54,38331,2080,,20700,57,24,27599,True,1921,2015,19561,337,54,38331,/scratch/hpc-prf-llmfpga/asa582/projects/c2hls/artifacts/pc2/batch_parallel_chathls_fd_ds_rag2_20260717_195140_rag2_skills
batch_parallel_chathls_fd_ds_rag2_20260717_195140_rag2_skills,c2hls-chathls-benches,DeepSeek,RAG2+skills,rag2_skills,True,bicg,chathls_bicg,234516,,23798,12,4,24382,1934,2034,18253,153,56,25191,2305,,15622,33,28,15393,True,1934,2034,18253,153,56,25191,/scratch/hpc-prf-llmfpga/asa582/projects/c2hls/artifacts/pc2/batch_parallel_chathls_fd_ds_rag2_20260717_195140_rag2_skills
batch_parallel_chathls_fd_ds_rag2_20260717_195140_rag2_skills,c2hls-chathls-benches,DeepSeek,RAG2+skills,rag2_skills,True,covariance,chathls_covariance,233415,,69911,4,8,40998,8674,8870,42815,128,28,38718,,,,,,,False,8674,8870,42815,128,28,38718,/scratch/hpc-prf-llmfpga/asa582/projects/c2hls/artifacts/pc2/batch_parallel_chathls_fd_ds_rag2_20260717_195140_rag2_skills
batch_parallel_chathls_fd_ds_rag2_20260717_195140_rag2_skills,c2hls-chathls-benches,DeepSeek,RAG2+skills,rag2_skills,True,gemm_blocked,chathls_gemm_blocked,901125,,40482,22,30,23882,1319078,1319202,15315,8,138,18048,1843291,,13667,8,186,16475,True,1319078,1319202,15315,8,138,18048,/scratch/hpc-prf-llmfpga/asa582/projects/c2hls/artifacts/pc2/batch_parallel_chathls_fd_ds_rag2_20260717_195140_rag2_skills
batch_parallel_chathls_fd_ds_rag2_20260717_195140_rag2_skills,c2hls-chathls-benches,DeepSeek,RAG2+skills,rag2_skills,True,gemm_ncubed,chathls_gemm_ncubed,295512,,152198,11,30,60410,1319080,1319211,13430,8,90,16414,1319075,,12786,8,122,16782,True,1319080,1319211,13430,8,90,16414,/scratch/hpc-prf-llmfpga/asa582/projects/c2hls/artifacts/pc2/batch_parallel_chathls_fd_ds_rag2_20260717_195140_rag2_skills
batch_parallel_chathls_fd_ds_rag2_20260717_195140_rag2_skills,c2hls-chathls-benches,DeepSeek,RAG2+skills,rag2_skills,True,gesummv,chathls_gesummv,1499,,10272,8,4,11651,2344,3497,9127,8,24,11780,1686,,15627,32,28,18234,True,2344,3497,9127,8,24,11780,/scratch/hpc-prf-llmfpga/asa582/projects/c2hls/artifacts/pc2/batch_parallel_chathls_fd_ds_rag2_20260717_195140_rag2_skills
batch_parallel_chathls_fd_ds_rag2_20260717_195140_rag2_skills,c2hls-chathls-benches,DeepSeek,RAG2+skills,rag2_skills,True,matmul,chathls_matmul,34963,,78416,3,30,28613,3767,3834,20729,96,94,25083,3765,,18523,96,98,25792,True,3767,3834,20729,96,94,25083,/scratch/hpc-prf-llmfpga/asa582/projects/c2hls/artifacts/pc2/batch_parallel_chathls_fd_ds_rag2_20260717_195140_rag2_skills
batch_parallel_chathls_fd_ds_rag2_20260717_195140_rag2_skills,c2hls-chathls-benches,DeepSeek,RAG2+skills,rag2_skills,True,mobilenet,chathls_mobilenet,,,159102,712,280,77355,3742647,3743427,79041,571,606,50331,,,,,,,False,3742647,3743427,79041,571,606,50331,/scratch/hpc-prf-llmfpga/asa582/projects/c2hls/artifacts/pc2/batch_parallel_chathls_fd_ds_rag2_20260717_195140_rag2_skills
batch_parallel_chathls_fd_ds_rag2_20260717_195140_rag2_skills,c2hls-chathls-benches,DeepSeek,RAG2+skills,rag2_skills,True,mvt,chathls_mvt,14327,,56806,8,16,25208,5007,5103,13186,4,84,15429,,,,,,,False,5007,5103,13186,4,84,15429,/scratch/hpc-prf-llmfpga/asa582/projects/c2hls/artifacts/pc2/batch_parallel_chathls_fd_ds_rag2_20260717_195140_rag2_skills
batch_parallel_chathls_fd_ds_rag2_20260717_195140_rag2_skills,c2hls-chathls-benches,DeepSeek,RAG2+skills,rag2_skills,True,symm,chathls_kernel_symm,37430401,,24552,19,4,58192,50432,50423,116856,668,76,617062,,,,,,,False,50432,50423,116856,668,76,617062,/scratch/hpc-prf-llmfpga/asa582/projects/c2hls/artifacts/pc2/batch_parallel_chathls_fd_ds_rag2_20260717_195140_rag2_skills
batch_parallel_chathls_fd_ds_rag2_20260717_195140_rag2_skills,c2hls-chathls-benches,DeepSeek,RAG2+skills,rag2_skills,True,syr2k,chathls_kernel_syr2k,1952641,,4588,11,4,4919,392034,384713,16186,22,158,26210,,,,,,,False,392034,384713,16186,22,158,26210,/scratch/hpc-prf-llmfpga/asa582/projects/c2hls/artifacts/pc2/batch_parallel_chathls_fd_ds_rag2_20260717_195140_rag2_skills
batch_parallel_chathls_fd_ds_rag2_20260717_195140_rag2_skills,c2hls-chathls-benches,DeepSeek,RAG2+skills,rag2_skills,True,syrk,chathls_kernel_syrk,1183841,,4349,11,4,4252,363295,355965,11035,11,46,12039,,,,,,,False,363295,355965,11035,11,46,12039,/scratch/hpc-prf-llmfpga/asa582/projects/c2hls/artifacts/pc2/batch_parallel_chathls_fd_ds_rag2_20260717_195140_rag2_skills
batch_parallel_chathls_fd_ds_rag2_ns_20260717_215344_rag2_ns,c2hls-chathls-benches,DeepSeek,RAG2+noskills,rag2_ns,True,2mm,chathls_kernel_2mm,25296077,,38403,20,8,26447,25322,,207753,1330,190,188811,25442,,207806,1330,308,201613,True,25322,,207753,1330,190,188811,/scratch/hpc-prf-llmfpga/asa582/projects/c2hls/artifacts/pc2/batch_parallel_chathls_fd_ds_rag2_ns_20260717_215344_rag2_ns
batch_parallel_chathls_fd_ds_rag2_ns_20260717_215344_rag2_ns,c2hls-chathls-benches,DeepSeek,RAG2+noskills,rag2_ns,True,3mm,chathls_kernel_3mm,45441119,,361516,14,30,125211,90518,,172059,881,150,203856,86775,,152136,880,150,200999,True,90518,,172059,881,150,203856,/scratch/hpc-prf-llmfpga/asa582/projects/c2hls/artifacts/pc2/batch_parallel_chathls_fd_ds_rag2_ns_20260717_215344_rag2_ns
batch_parallel_chathls_fd_ds_rag2_ns_20260717_215344_rag2_ns,c2hls-chathls-benches,DeepSeek,RAG2+noskills,rag2_ns,True,atax,chathls_atax,236250,,25208,8,4,26830,1859,,44974,336,16,94042,1903,,54386,336,16,115082,True,1859,,44974,336,16,94042,/scratch/hpc-prf-llmfpga/asa582/projects/c2hls/artifacts/pc2/batch_parallel_chathls_fd_ds_rag2_ns_20260717_215344_rag2_ns
batch_parallel_chathls_fd_ds_rag2_ns_20260717_215344_rag2_ns,c2hls-chathls-benches,DeepSeek,RAG2+noskills,rag2_ns,True,bicg,chathls_bicg,234516,,23798,12,4,24382,982,,12502,16,20,13778,,,,,,,False,982,,12502,16,20,13778,/scratch/hpc-prf-llmfpga/asa582/projects/c2hls/artifacts/pc2/batch_parallel_chathls_fd_ds_rag2_ns_20260717_215344_rag2_ns
batch_parallel_chathls_fd_ds_rag2_ns_20260717_215344_rag2_ns,c2hls-chathls-benches,DeepSeek,RAG2+noskills,rag2_ns,True,covariance,chathls_covariance,233415,,69911,4,8,40998,5114,,101262,44,12,171408,,,,,,,False,5114,,101262,44,12,171408,/scratch/hpc-prf-llmfpga/asa582/projects/c2hls/artifacts/pc2/batch_parallel_chathls_fd_ds_rag2_ns_20260717_215344_rag2_ns
batch_parallel_chathls_fd_ds_rag2_ns_20260717_215344_rag2_ns,c2hls-chathls-benches,DeepSeek,RAG2+noskills,rag2_ns,True,gemm,chathls_gemm,2871462,,30788,12,4,21949,1419,,1447466**,9160**,8,927627,,,,,,,False,1419,,1447466**,9160**,8,927627,/scratch/hpc-prf-llmfpga/asa582/projects/c2hls/artifacts/pc2/batch_parallel_chathls_fd_ds_rag2_ns_20260717_215344_rag2_ns
batch_parallel_chathls_fd_ds_rag2_ns_20260717_215344_rag2_ns,c2hls-chathls-benches,DeepSeek,RAG2+noskills,rag2_ns,True,gemm_blocked,chathls_gemm_blocked,901125,,40482,22,30,23882,593986,,22743,77,90,32444,,,,,,,False,593986,,22743,77,90,32444,/scratch/hpc-prf-llmfpga/asa582/projects/c2hls/artifacts/pc2/batch_parallel_chathls_fd_ds_rag2_ns_20260717_215344_rag2_ns
batch_parallel_chathls_fd_ds_rag2_ns_20260717_215344_rag2_ns,c2hls-chathls-benches,DeepSeek,RAG2+noskills,rag2_ns,True,gemm_ncubed,chathls_gemm_ncubed,295512,,152198,11,30,60410,307404,,25160,11,90,168553,34463,,29000,88,474,46974,True,307404,,25160,11,90,168553,/scratch/hpc-prf-llmfpga/asa582/projects/c2hls/artifacts/pc2/batch_parallel_chathls_fd_ds_rag2_ns_20260717_215344_rag2_ns
batch_parallel_chathls_fd_ds_rag2_ns_20260717_215344_rag2_ns,c2hls-chathls-benches,DeepSeek,RAG2+noskills,rag2_ns,True,gesummv,chathls_gesummv,1499,,10272,8,4,11651,878,,14895,64,28,15899,,,,,,,False,878,,14895,64,28,15899,/scratch/hpc-prf-llmfpga/asa582/projects/c2hls/artifacts/pc2/batch_parallel_chathls_fd_ds_rag2_ns_20260717_215344_rag2_ns
batch_parallel_chathls_fd_ds_rag2_ns_20260717_215344_rag2_ns,c2hls-chathls-benches,DeepSeek,RAG2+noskills,rag2_ns,True,matmul,chathls_matmul,34963,,78416,3,30,28613,53217,,9369,24,34,17225,14310,,17252,24,90,21397,True,53217,,9369,24,34,17225,/scratch/hpc-prf-llmfpga/asa582/projects/c2hls/artifacts/pc2/batch_parallel_chathls_fd_ds_rag2_ns_20260717_215344_rag2_ns
batch_parallel_chathls_fd_ds_rag2_ns_20260717_215344_rag2_ns,c2hls-chathls-benches,DeepSeek,RAG2+noskills,rag2_ns,True,mvt,chathls_mvt,14327,,56806,8,16,25208,2149,,25725,32,80,76204,,,,,,,False,2149,,25725,32,80,76204,/scratch/hpc-prf-llmfpga/asa582/projects/c2hls/artifacts/pc2/batch_parallel_chathls_fd_ds_rag2_ns_20260717_215344_rag2_ns
batch_parallel_chathls_fd_ds_rag2_ns_20260717_215344_rag2_ns,c2hls-chathls-benches,DeepSeek,RAG2+noskills,rag2_ns,True,symm,chathls_kernel_symm,37430401,,24552,19,4,58192,21731057,,28540,19,98,49097,,,,,,,False,21731057,,28540,19,98,49097,/scratch/hpc-prf-llmfpga/asa582/projects/c2hls/artifacts/pc2/batch_parallel_chathls_fd_ds_rag2_ns_20260717_215344_rag2_ns
batch_parallel_chathls_fd_ds_rag2_ns_20260717_215344_rag2_ns,c2hls-chathls-benches,DeepSeek,RAG2+noskills,rag2_ns,True,syr2k,chathls_kernel_syr2k,1952641,,4588,11,4,4919,1990797,,25139,11,302,38715,19858,,119133,2288,642,227862,True,1990797,,25139,11,302,38715,/scratch/hpc-prf-llmfpga/asa582/projects/c2hls/artifacts/pc2/batch_parallel_chathls_fd_ds_rag2_ns_20260717_215344_rag2_ns
batch_parallel_chathls_fd_ds_rag2_ns_20260717_215344_rag2_ns,c2hls-chathls-benches,DeepSeek,RAG2+noskills,rag2_ns,True,syrk,chathls_kernel_syrk,1183841,,4349,11,4,4252,1351991,,279995,8,46,68333,,,,,,,False,1351991,,279995,8,46,68333,/scratch/hpc-prf-llmfpga/asa582/projects/c2hls/artifacts/pc2/batch_parallel_chathls_fd_ds_rag2_ns_20260717_215344_rag2_ns
batch_parallel_chathls_fd_ds_rag_20260717_195138_rag_skills,c2hls-chathls-benches,DeepSeek,scrape/RAG1+skills,rag_skills,True,2mm,chathls_kernel_2mm,25296077,,38403,20,8,26447,70402,,49869,616,120,98759,,,,,,,False,70402,,49869,616,120,98759,/scratch/hpc-prf-llmfpga/asa582/projects/c2hls/artifacts/pc2/batch_parallel_chathls_fd_ds_rag_20260717_195138_rag_skills
batch_parallel_chathls_fd_ds_rag_20260717_195138_rag_skills,c2hls-chathls-benches,DeepSeek,scrape/RAG1+skills,rag_skills,True,3mm,chathls_kernel_3mm,45441119,,361516,14,30,125211,90644,,99969,882,346,158172,,,,,,,False,90644,,99969,882,346,158172,/scratch/hpc-prf-llmfpga/asa582/projects/c2hls/artifacts/pc2/batch_parallel_chathls_fd_ds_rag_20260717_195138_rag_skills
batch_parallel_chathls_fd_ds_rag_20260717_195138_rag_skills,c2hls-chathls-benches,DeepSeek,scrape/RAG1+skills,rag_skills,True,atax,chathls_atax,236250,,25208,8,4,26830,1897,,20885,336,16,37034,2121,,15407,57,24,19633,True,1897,,20885,336,16,37034,/scratch/hpc-prf-llmfpga/asa582/projects/c2hls/artifacts/pc2/batch_parallel_chathls_fd_ds_rag_20260717_195138_rag_skills
batch_parallel_chathls_fd_ds_rag_20260717_195138_rag_skills,c2hls-chathls-benches,DeepSeek,scrape/RAG1+skills,rag_skills,True,bicg,chathls_bicg,234516,,23798,12,4,24382,1135,,19624,152,20,27782,2712,,15837,32,28,15281,True,1135,,19624,152,20,27782,/scratch/hpc-prf-llmfpga/asa582/projects/c2hls/artifacts/pc2/batch_parallel_chathls_fd_ds_rag_20260717_195138_rag_skills
batch_parallel_chathls_fd_ds_rag_20260717_195138_rag_skills,c2hls-chathls-benches,DeepSeek,scrape/RAG1+skills,rag_skills,True,covariance,chathls_covariance,233415,,69911,4,8,40998,7133,,41848,128,28,32037,,,,,,,False,7133,,41848,128,28,32037,/scratch/hpc-prf-llmfpga/asa582/projects/c2hls/artifacts/pc2/batch_parallel_chathls_fd_ds_rag_20260717_195138_rag_skills
batch_parallel_chathls_fd_ds_rag_20260717_195138_rag_skills,c2hls-chathls-benches,DeepSeek,scrape/RAG1+skills,rag_skills,True,gemm,chathls_gemm,2871462,,30788,12,4,21949,25405,,6673,20,20,5183,,,,,,,False,25405,,6673,20,20,5183,/scratch/hpc-prf-llmfpga/asa582/projects/c2hls/artifacts/pc2/batch_parallel_chathls_fd_ds_rag_20260717_195138_rag_skills
batch_parallel_chathls_fd_ds_rag_20260717_195138_rag_skills,c2hls-chathls-benches,DeepSeek,scrape/RAG1+skills,rag_skills,True,gemm_blocked,chathls_gemm_blocked,901125,,40482,22,30,23882,256425,,13981,16,94,18514,,,,,,,False,256425,,13981,16,94,18514,/scratch/hpc-prf-llmfpga/asa582/projects/c2hls/artifacts/pc2/batch_parallel_chathls_fd_ds_rag_20260717_195138_rag_skills
batch_parallel_chathls_fd_ds_rag_20260717_195138_rag_skills,c2hls-chathls-benches,DeepSeek,scrape/RAG1+skills,rag_skills,True,gemm_ncubed,chathls_gemm_ncubed,295512,,152198,11,30,60410,1319077,,11744,8,90,15310,,,,,,,False,1319077,,11744,8,90,15310,/scratch/hpc-prf-llmfpga/asa582/projects/c2hls/artifacts/pc2/batch_parallel_chathls_fd_ds_rag_20260717_195138_rag_skills
batch_parallel_chathls_fd_ds_rag_20260717_195138_rag_skills,c2hls-chathls-benches,DeepSeek,scrape/RAG1+skills,rag_skills,True,gesummv,chathls_gesummv,1499,,10272,8,4,11651,1115,,16461,248,76,22737,,,,,,,False,1115,,16461,248,76,22737,/scratch/hpc-prf-llmfpga/asa582/projects/c2hls/artifacts/pc2/batch_parallel_chathls_fd_ds_rag_20260717_195138_rag_skills
batch_parallel_chathls_fd_ds_rag_20260717_195138_rag_skills,c2hls-chathls-benches,DeepSeek,scrape/RAG1+skills,rag_skills,True,matmul,chathls_matmul,34963,,78416,3,30,28613,333,,106004,3072,90,257124,18587,,12060,6,102,15986,True,333,,106004,3072,90,257124,/scratch/hpc-prf-llmfpga/asa582/projects/c2hls/artifacts/pc2/batch_parallel_chathls_fd_ds_rag_20260717_195138_rag_skills
batch_parallel_chathls_fd_ds_rag_20260717_195138_rag_skills,c2hls-chathls-benches,DeepSeek,scrape/RAG1+skills,rag_skills,True,mvt,chathls_mvt,14327,,56806,8,16,25208,2605,,14692,16,88,19225,,,,,,,False,2605,,14692,16,88,19225,/scratch/hpc-prf-llmfpga/asa582/projects/c2hls/artifacts/pc2/batch_parallel_chathls_fd_ds_rag_20260717_195138_rag_skills
batch_parallel_chathls_fd_ds_rag_20260717_195138_rag_skills,c2hls-chathls-benches,DeepSeek,scrape/RAG1+skills,rag_skills,True,symm,chathls_kernel_symm,37430401,,24552,19,4,58192,24859201,,22874,22,12,46923,,,,,,,False,24859201,,22874,22,12,46923,/scratch/hpc-prf-llmfpga/asa582/projects/c2hls/artifacts/pc2/batch_parallel_chathls_fd_ds_rag_20260717_195138_rag_skills
batch_parallel_chathls_fd_ds_rag_20260717_195138_rag_skills,c2hls-chathls-benches,DeepSeek,scrape/RAG1+skills,rag_skills,True,syr2k,chathls_kernel_syr2k,1952641,,4588,11,4,4919,800481,,8081,35,12,8524,,,,,,,False,800481,,8081,35,12,8524,/scratch/hpc-prf-llmfpga/asa582/projects/c2hls/artifacts/pc2/batch_parallel_chathls_fd_ds_rag_20260717_195138_rag_skills
batch_parallel_chathls_fd_ds_rag_ns_20260718_040145_rag_ns,c2hls-chathls-benches,DeepSeek,scrape/RAG1+noskills,rag_ns,True,3mm,chathls_kernel_3mm,45441119,,361516,14,30,125211,307576,,96031,553,186,208612,67025,,164882,2091,482,269446,True,307576,,96031,553,186,208612,/scratch/hpc-prf-llmfpga/asa582/projects/c2hls/artifacts/pc2/batch_parallel_chathls_fd_ds_rag_ns_20260718_040145_rag_ns
batch_parallel_chathls_fd_ds_rag_ns_20260718_040145_rag_ns,c2hls-chathls-benches,DeepSeek,scrape/RAG1+noskills,rag_ns,True,atax,chathls_atax,236250,,25208,8,4,26830,1288,,59807,168,16,86016,2018,,75277,168,14,99820,True,1288,,59807,168,16,86016,/scratch/hpc-prf-llmfpga/asa582/projects/c2hls/artifacts/pc2/batch_parallel_chathls_fd_ds_rag_ns_20260718_040145_rag_ns
batch_parallel_chathls_fd_ds_rag_ns_20260718_040145_rag_ns,c2hls-chathls-benches,DeepSeek,scrape/RAG1+noskills,rag_ns,True,bicg,chathls_bicg,234516,,23798,12,4,24382,1708,,13241,304,4,25841,1753,,22598,304,4,38433,True,1708,,13241,304,4,25841,/scratch/hpc-prf-llmfpga/asa582/projects/c2hls/artifacts/pc2/batch_parallel_chathls_fd_ds_rag_ns_20260718_040145_rag_ns
batch_parallel_chathls_fd_ds_rag_ns_20260718_040145_rag_ns,c2hls-chathls-benches,DeepSeek,scrape/RAG1+noskills,rag_ns,True,covariance,chathls_covariance,233415,,69911,4,8,40998,5824,,34917,64,10,40788,,,,,,,False,5824,,34917,64,10,40788,/scratch/hpc-prf-llmfpga/asa582/projects/c2hls/artifacts/pc2/batch_parallel_chathls_fd_ds_rag_ns_20260718_040145_rag_ns
batch_parallel_chathls_fd_ds_rag_ns_20260718_040145_rag_ns,c2hls-chathls-benches,DeepSeek,scrape/RAG1+noskills,rag_ns,True,gemm,chathls_gemm,2871462,,30788,12,4,21949,3251,,58843,40,8,100290,2621,,9699,107,16,13654,True,3251,,58843,40,8,100290,/scratch/hpc-prf-llmfpga/asa582/projects/c2hls/artifacts/pc2/batch_parallel_chathls_fd_ds_rag_ns_20260718_040145_rag_ns
batch_parallel_chathls_fd_ds_rag_ns_20260718_040145_rag_ns,c2hls-chathls-benches,DeepSeek,scrape/RAG1+noskills,rag_ns,True,gemm_blocked,chathls_gemm_blocked,901125,,40482,22,30,23882,2719783,,32629,,90,32681,,,,,,,False,2719783,,32629,,90,32681,/scratch/hpc-prf-llmfpga/asa582/projects/c2hls/artifacts/pc2/batch_parallel_chathls_fd_ds_rag_ns_20260718_040145_rag_ns
batch_parallel_chathls_fd_ds_rag_ns_20260718_040145_rag_ns,c2hls-chathls-benches,DeepSeek,scrape/RAG1+noskills,rag_ns,True,gemm_ncubed,chathls_gemm_ncubed,295512,,152198,11,30,60410,306388,,26608,11,106,172855,46286,,88555,704,96,121578,True,306388,,26608,11,106,172855,/scratch/hpc-prf-llmfpga/asa582/projects/c2hls/artifacts/pc2/batch_parallel_chathls_fd_ds_rag_ns_20260718_040145_rag_ns
batch_parallel_chathls_fd_ds_rag_ns_20260718_040145_rag_ns,c2hls-chathls-benches,DeepSeek,scrape/RAG1+noskills,rag_ns,True,gesummv,chathls_gesummv,1499,,10272,8,4,11651,245,,12672,16,10,15198,700,,22449,240,20,37078,True,245,,12672,16,10,15198,/scratch/hpc-prf-llmfpga/asa582/projects/c2hls/artifacts/pc2/batch_parallel_chathls_fd_ds_rag_ns_20260718_040145_rag_ns
batch_parallel_chathls_fd_ds_rag_ns_20260718_040145_rag_ns,c2hls-chathls-benches,DeepSeek,scrape/RAG1+noskills,rag_ns,True,matmul,chathls_matmul,34963,,78416,3,30,28613,3230,,21507,96,90,27154,3226,,18548,96,90,27880,True,3230,,21507,96,90,27154,/scratch/hpc-prf-llmfpga/asa582/projects/c2hls/artifacts/pc2/batch_parallel_chathls_fd_ds_rag_ns_20260718_040145_rag_ns
batch_parallel_chathls_fd_ds_rag_ns_20260718_040145_rag_ns,c2hls-chathls-benches,DeepSeek,scrape/RAG1+noskills,rag_ns,True,mvt,chathls_mvt,14327,,56806,8,16,25208,499,,31770,320,52,88940,1877,,140695,320,80,261105,True,499,,31770,320,52,88940,/scratch/hpc-prf-llmfpga/asa582/projects/c2hls/artifacts/pc2/batch_parallel_chathls_fd_ds_rag_ns_20260718_040145_rag_ns
batch_parallel_chathls_fd_ds_rag_ns_20260718_040145_rag_ns,c2hls-chathls-benches,DeepSeek,scrape/RAG1+noskills,rag_ns,True,syrk,chathls_kernel_syrk,1183841,,4349,11,4,4252,1099272,,9698,11,16,12456,,,,,,,False,1099272,,9698,11,16,12456,/scratch/hpc-prf-llmfpga/asa582/projects/c2hls/artifacts/pc2/batch_parallel_chathls_fd_ds_rag_ns_20260718_040145_rag_ns
batch_parallel_chathls_fd_ds_skills_20260717_232141_skills,c2hls-chathls-benches,DeepSeek,skills,skills,True,2mm,chathls_kernel_2mm,25296077,,38403,20,8,26447,53914,,106963,771,84,143338,,,,,,,,53914,,106963,771,84,143338,/scratch/hpc-prf-llmfpga/asa582/projects/c2hls/artifacts/pc2/batch_parallel_chathls_fd_ds_skills_20260717_232141_skills
batch_parallel_chathls_fd_ds_skills_20260717_232141_skills,c2hls-chathls-benches,DeepSeek,skills,skills,True,3mm,chathls_kernel_3mm,45441119,,361516,14,30,125211,92640,,122217,882,254,168945,,,,,,,,92640,,122217,882,254,168945,/scratch/hpc-prf-llmfpga/asa582/projects/c2hls/artifacts/pc2/batch_parallel_chathls_fd_ds_skills_20260717_232141_skills
batch_parallel_chathls_fd_ds_skills_20260717_232141_skills,c2hls-chathls-benches,DeepSeek,skills,skills,True,atax,chathls_atax,236250,,25208,8,4,26830,3318,,10197,33,20,16561,,,,,,,,3318,,10197,33,20,16561,/scratch/hpc-prf-llmfpga/asa582/projects/c2hls/artifacts/pc2/batch_parallel_chathls_fd_ds_skills_20260717_232141_skills
batch_parallel_chathls_fd_ds_skills_20260717_232141_skills,c2hls-chathls-benches,DeepSeek,skills,skills,True,bicg,chathls_bicg,234516,,23798,12,4,24382,2596,,9922,9,24,11376,,,,,,,,2596,,9922,9,24,11376,/scratch/hpc-prf-llmfpga/asa582/projects/c2hls/artifacts/pc2/batch_parallel_chathls_fd_ds_skills_20260717_232141_skills
batch_parallel_chathls_fd_ds_skills_20260717_232141_skills,c2hls-chathls-benches,DeepSeek,skills,skills,True,covariance,chathls_covariance,233415,,69911,4,8,40998,6234,,42279,128,28,32661,,,,,,,,6234,,42279,128,28,32661,/scratch/hpc-prf-llmfpga/asa582/projects/c2hls/artifacts/pc2/batch_parallel_chathls_fd_ds_skills_20260717_232141_skills
batch_parallel_chathls_fd_ds_skills_20260717_232141_skills,c2hls-chathls-benches,DeepSeek,skills,skills,True,gemm,chathls_gemm,2871462,,30788,12,4,21949,31419,,6230,21,14,5168,,,,,,,,31419,,6230,21,14,5168,/scratch/hpc-prf-llmfpga/asa582/projects/c2hls/artifacts/pc2/batch_parallel_chathls_fd_ds_skills_20260717_232141_skills
batch_parallel_chathls_fd_ds_skills_20260717_232141_skills,c2hls-chathls-benches,DeepSeek,skills,skills,True,gemm_blocked,chathls_gemm_blocked,901125,,40482,22,30,23882,1695911,,15331,11,138,19205,,,,,,,,1695911,,15331,11,138,19205,/scratch/hpc-prf-llmfpga/asa582/projects/c2hls/artifacts/pc2/batch_parallel_chathls_fd_ds_skills_20260717_232141_skills
batch_parallel_chathls_fd_ds_skills_20260717_232141_skills,c2hls-chathls-benches,DeepSeek,skills,skills,True,gemm_ncubed,chathls_gemm_ncubed,295512,,152198,11,30,60410,1319077,,11744,8,90,15310,,,,,,,,1319077,,11744,8,90,15310,/scratch/hpc-prf-llmfpga/asa582/projects/c2hls/artifacts/pc2/batch_parallel_chathls_fd_ds_skills_20260717_232141_skills
batch_parallel_chathls_fd_ds_skills_20260717_232141_skills,c2hls-chathls-benches,DeepSeek,skills,skills,True,gesummv,chathls_gesummv,1499,,10272,8,4,11651,2315,,10590,8,24,12721,,,,,,,,2315,,10590,8,24,12721,/scratch/hpc-prf-llmfpga/asa582/projects/c2hls/artifacts/pc2/batch_parallel_chathls_fd_ds_skills_20260717_232141_skills
batch_parallel_chathls_fd_ds_skills_20260717_232141_skills,c2hls-chathls-benches,DeepSeek,skills,skills,True,matmul,chathls_matmul,34963,,78416,3,30,28613,3640,,25009,96,98,27279,,,,,,,,3640,,25009,96,98,27279,/scratch/hpc-prf-llmfpga/asa582/projects/c2hls/artifacts/pc2/batch_parallel_chathls_fd_ds_skills_20260717_232141_skills
batch_parallel_chathls_fd_ds_skills_20260717_232141_skills,c2hls-chathls-benches,DeepSeek,skills,skills,True,mobilenet,chathls_mobilenet,,,159052,712,269,77062,1396884,,125024,559,363,47291,,,,,,,,1396884,,125024,559,363,47291,/scratch/hpc-prf-llmfpga/asa582/projects/c2hls/artifacts/pc2/batch_parallel_chathls_fd_ds_skills_20260717_232141_skills
batch_parallel_chathls_fd_ds_skills_20260717_232141_skills,c2hls-chathls-benches,DeepSeek,skills,skills,True,mvt,chathls_mvt,14327,,56806,8,16,25208,5007,,12954,4,84,15372,,,,,,,,5007,,12954,4,84,15372,/scratch/hpc-prf-llmfpga/asa582/projects/c2hls/artifacts/pc2/batch_parallel_chathls_fd_ds_skills_20260717_232141_skills
batch_parallel_chathls_fd_ds_skills_20260717_232141_skills,c2hls-chathls-benches,DeepSeek,skills,skills,True,symm,chathls_kernel_symm,37430401,,24552,19,4,58192,34190402,,9605,22,12,8323,,,,,,,,34190402,,9605,22,12,8323,/scratch/hpc-prf-llmfpga/asa582/projects/c2hls/artifacts/pc2/batch_parallel_chathls_fd_ds_skills_20260717_232141_skills
batch_parallel_chathls_fd_ds_skills_20260717_232141_skills,c2hls-chathls-benches,DeepSeek,skills,skills,True,syr2k,chathls_kernel_syr2k,1952641,,4588,11,4,4919,1365768,,13774,11,62,14803,,,,,,,,1365768,,13774,11,62,14803,/scratch/hpc-prf-llmfpga/asa582/projects/c2hls/artifacts/pc2/batch_parallel_chathls_fd_ds_skills_20260717_232141_skills
batch_parallel_chathls_fd_ds_skills_20260717_232141_skills,c2hls-chathls-benches,DeepSeek,skills,skills,True,syrk,chathls_kernel_syrk,1183841,,4349,11,4,4252,1362874,,10311,8,46,11016,,,,,,,,1362874,,10311,8,46,11016,/scratch/hpc-prf-llmfpga/asa582/projects/c2hls/artifacts/pc2/batch_parallel_chathls_fd_ds_skills_20260717_232141_skills
batch_parallel_chathls_fd_glm_rag2_20260718_023346_rag2_skills,c2hls-chathls-benches,GLM-4.7,RAG2+skills,rag2_skills,True,2mm,chathls_kernel_2mm,25296077,,38403,20,8,26447,1511402,,17488,17,84,19330,,,,,,,False,1511402,,17488,17,84,19330,/scratch/hpc-prf-llmfpga/asa582/projects/c2hls/artifacts/pc2/batch_parallel_chathls_fd_glm_rag2_20260718_023346_rag2_skills
batch_parallel_chathls_fd_glm_rag2_20260718_023346_rag2_skills,c2hls-chathls-benches,GLM-4.7,RAG2+skills,rag2_skills,True,3mm,chathls_kernel_3mm,45441119,,361516,14,30,125211,852111,852352,19554,34,94,20657,845681,,19784,34,166,20626,True,852111,852352,19554,34,94,20657,/scratch/hpc-prf-llmfpga/asa582/projects/c2hls/artifacts/pc2/batch_parallel_chathls_fd_glm_rag2_20260718_023346_rag2_skills
batch_parallel_chathls_fd_glm_rag2_20260718_023346_rag2_skills,c2hls-chathls-benches,GLM-4.7,RAG2+skills,rag2_skills,True,atax,chathls_atax,236250,,25208,8,4,26830,5370,5395,8285,10,20,9988,5337,,20613,10,16,22244,True,5370,5395,8285,10,20,9988,/scratch/hpc-prf-llmfpga/asa582/projects/c2hls/artifacts/pc2/batch_parallel_chathls_fd_glm_rag2_20260718_023346_rag2_skills
batch_parallel_chathls_fd_glm_rag2_20260718_023346_rag2_skills,c2hls-chathls-benches,GLM-4.7,RAG2+skills,rag2_skills,True,bicg,chathls_bicg,234516,,23798,12,4,24382,296,395,17030,152,16,30857,3088,,17255,32,28,30989,True,296,395,17030,152,16,30857,/scratch/hpc-prf-llmfpga/asa582/projects/c2hls/artifacts/pc2/batch_parallel_chathls_fd_glm_rag2_20260718_023346_rag2_skills
batch_parallel_chathls_fd_glm_rag2_20260718_023346_rag2_skills,c2hls-chathls-benches,GLM-4.7,RAG2+skills,rag2_skills,True,covariance,chathls_covariance,233415,,69911,4,8,40998,41879,42470,14432,4,28,13995,33535,,15687,8,28,15244,True,41879,42470,14432,4,28,13995,/scratch/hpc-prf-llmfpga/asa582/projects/c2hls/artifacts/pc2/batch_parallel_chathls_fd_glm_rag2_20260718_023346_rag2_skills
batch_parallel_chathls_fd_glm_rag2_20260718_023346_rag2_skills,c2hls-chathls-benches,GLM-4.7,RAG2+skills,rag2_skills,True,gemm,chathls_gemm,2871462,,30788,12,4,21949,26062,23804,11773,16,10,10041,,,,,,,False,26062,23804,11773,16,10,10041,/scratch/hpc-prf-llmfpga/asa582/projects/c2hls/artifacts/pc2/batch_parallel_chathls_fd_glm_rag2_20260718_023346_rag2_skills
batch_parallel_chathls_fd_glm_rag2_20260718_023346_rag2_skills,c2hls-chathls-benches,GLM-4.7,RAG2+skills,rag2_skills,True,gemm_blocked,chathls_gemm_blocked,901125,,40482,22,30,23882,183657,246393,37618,16,90,129259,,,,,,,False,183657,246393,37618,16,90,129259,/scratch/hpc-prf-llmfpga/asa582/projects/c2hls/artifacts/pc2/batch_parallel_chathls_fd_glm_rag2_20260718_023346_rag2_skills
batch_parallel_chathls_fd_glm_rag2_20260718_023346_rag2_skills,c2hls-chathls-benches,GLM-4.7,RAG2+skills,rag2_skills,True,gemm_ncubed,chathls_gemm_ncubed,295512,,152198,11,30,60410,30226,30105,30727,104,90,42703,,,,,,,False,30226,30105,30727,104,90,42703,/scratch/hpc-prf-llmfpga/asa582/projects/c2hls/artifacts/pc2/batch_parallel_chathls_fd_glm_rag2_20260718_023346_rag2_skills
batch_parallel_chathls_fd_glm_rag2_20260718_023346_rag2_skills,c2hls-chathls-benches,GLM-4.7,RAG2+skills,rag2_skills,True,gesummv,chathls_gesummv,1499,,10272,8,4,11651,687,803,18662,248,20,27460,,,,,,,False,687,803,18662,248,20,27460,/scratch/hpc-prf-llmfpga/asa582/projects/c2hls/artifacts/pc2/batch_parallel_chathls_fd_glm_rag2_20260718_023346_rag2_skills
batch_parallel_chathls_fd_glm_rag2_20260718_023346_rag2_skills,c2hls-chathls-benches,GLM-4.7,RAG2+skills,rag2_skills,True,matmul,chathls_matmul,34963,,78416,3,30,28613,18591,18720,17325,6,92,17353,18587,,15186,6,94,18121,True,18591,18720,17325,6,92,17353,/scratch/hpc-prf-llmfpga/asa582/projects/c2hls/artifacts/pc2/batch_parallel_chathls_fd_glm_rag2_20260718_023346_rag2_skills
batch_parallel_chathls_fd_glm_rag2_20260718_023346_rag2_skills,c2hls-chathls-benches,GLM-4.7,RAG2+skills,rag2_skills,True,mvt,chathls_mvt,14327,,56806,8,16,25208,1035,1115,11518,8,64,15452,3230,,13844,16,96,16707,True,1035,1115,11518,8,64,15452,/scratch/hpc-prf-llmfpga/asa582/projects/c2hls/artifacts/pc2/batch_parallel_chathls_fd_glm_rag2_20260718_023346_rag2_skills
batch_parallel_chathls_fd_glm_rag2_20260718_023346_rag2_skills,c2hls-chathls-benches,GLM-4.7,RAG2+skills,rag2_skills,True,symm,chathls_kernel_symm,37430401,,24552,19,4,58192,969933,972443,17976,19,172,17874,,,,,,,False,969933,972443,17976,19,172,17874,/scratch/hpc-prf-llmfpga/asa582/projects/c2hls/artifacts/pc2/batch_parallel_chathls_fd_glm_rag2_20260718_023346_rag2_skills
batch_parallel_chathls_fd_glm_rag2_20260718_023346_rag2_skills,c2hls-chathls-benches,GLM-4.7,RAG2+skills,rag2_skills,True,syr2k,chathls_kernel_syr2k,1952641,,4588,11,4,4919,1363673,1380301,14464,11,158,14799,407756,,17294,38,638,18585,True,1363673,1380301,14464,11,158,14799,/scratch/hpc-prf-llmfpga/asa582/projects/c2hls/artifacts/pc2/batch_parallel_chathls_fd_glm_rag2_20260718_023346_rag2_skills
batch_parallel_chathls_fd_glm_rag2_20260718_023346_rag2_skills,c2hls-chathls-benches,GLM-4.7,RAG2+skills,rag2_skills,True,syrk,chathls_kernel_syrk,1183841,,4349,11,4,4252,979274,991325,10061,8,78,10787,,,,,,,False,979274,991325,10061,8,78,10787,/scratch/hpc-prf-llmfpga/asa582/projects/c2hls/artifacts/pc2/batch_parallel_chathls_fd_glm_rag2_20260718_023346_rag2_skills
batch_parallel_chathls_fd_glm_rag2_ns_20260718_131155_rag2_ns,c2hls-chathls-benches,GLM-4.7,RAG2+noskills,rag2_ns,True,3mm,chathls_kernel_3mm,45441119,,361516,14,30,125211,297273,,23115,30,94,53045,,,,,,,False,297273,,23115,30,94,53045,/scratch/hpc-prf-llmfpga/asa582/projects/c2hls/artifacts/pc2/batch_parallel_chathls_fd_glm_rag2_ns_20260718_131155_rag2_ns
batch_parallel_chathls_fd_glm_rag2_ns_20260718_131155_rag2_ns,c2hls-chathls-benches,GLM-4.7,RAG2+noskills,rag2_ns,True,atax,chathls_atax,236250,,25208,8,4,26830,2436,,8930,16,20,7718,3665,,7256,10,24,7297,True,2436,,8930,16,20,7718,/scratch/hpc-prf-llmfpga/asa582/projects/c2hls/artifacts/pc2/batch_parallel_chathls_fd_glm_rag2_ns_20260718_131155_rag2_ns
batch_parallel_chathls_fd_glm_rag2_ns_20260718_131155_rag2_ns,c2hls-chathls-benches,GLM-4.7,RAG2+noskills,rag2_ns,True,bicg,chathls_bicg,234516,,23798,12,4,24382,232877,,8564,4,18,6626,,,,,,,False,232877,,8564,4,18,6626,/scratch/hpc-prf-llmfpga/asa582/projects/c2hls/artifacts/pc2/batch_parallel_chathls_fd_glm_rag2_ns_20260718_131155_rag2_ns
batch_parallel_chathls_fd_glm_rag2_ns_20260718_131155_rag2_ns,c2hls-chathls-benches,GLM-4.7,RAG2+noskills,rag2_ns,True,covariance,chathls_covariance,233415,,69911,4,8,40998,36778,,22854,4,26,25411,,,,,,,False,36778,,22854,4,26,25411,/scratch/hpc-prf-llmfpga/asa582/projects/c2hls/artifacts/pc2/batch_parallel_chathls_fd_glm_rag2_ns_20260718_131155_rag2_ns
batch_parallel_chathls_fd_glm_rag2_ns_20260718_131155_rag2_ns,c2hls-chathls-benches,GLM-4.7,RAG2+noskills,rag2_ns,True,gemm,chathls_gemm,2871462,,30788,12,4,21949,5610,,6511,20,20,5294,,,,,,,False,5610,,6511,20,20,5294,/scratch/hpc-prf-llmfpga/asa582/projects/c2hls/artifacts/pc2/batch_parallel_chathls_fd_glm_rag2_ns_20260718_131155_rag2_ns
batch_parallel_chathls_fd_glm_rag2_ns_20260718_131155_rag2_ns,c2hls-chathls-benches,GLM-4.7,RAG2+noskills,rag2_ns,True,gemm_blocked,chathls_gemm_blocked,901125,,40482,22,30,23882,49385,,18671,88,94,26581,,,,,,,False,49385,,18671,88,94,26581,/scratch/hpc-prf-llmfpga/asa582/projects/c2hls/artifacts/pc2/batch_parallel_chathls_fd_glm_rag2_ns_20260718_131155_rag2_ns
batch_parallel_chathls_fd_glm_rag2_ns_20260718_131155_rag2_ns,c2hls-chathls-benches,GLM-4.7,RAG2+noskills,rag2_ns,True,gemm_ncubed,chathls_gemm_ncubed,295512,,152198,11,30,60410,1590305,,18785,8,90,23925,1592998,,18130,8,186,21717,True,1590305,,18785,8,90,23925,/scratch/hpc-prf-llmfpga/asa582/projects/c2hls/artifacts/pc2/batch_parallel_chathls_fd_glm_rag2_ns_20260718_131155_rag2_ns
batch_parallel_chathls_fd_glm_rag2_ns_20260718_131155_rag2_ns,c2hls-chathls-benches,GLM-4.7,RAG2+noskills,rag2_ns,True,gesummv,chathls_gesummv,1499,,10272,8,4,11651,1435,,7498,8,20,6676,,,,,,,False,1435,,7498,8,20,6676,/scratch/hpc-prf-llmfpga/asa582/projects/c2hls/artifacts/pc2/batch_parallel_chathls_fd_glm_rag2_ns_20260718_131155_rag2_ns
batch_parallel_chathls_fd_glm_rag2_ns_20260718_131155_rag2_ns,c2hls-chathls-benches,GLM-4.7,RAG2+noskills,rag2_ns,True,matmul,chathls_matmul,34963,,78416,3,30,28613,3640,,15458,96,124,23046,6677,,13853,24,110,18689,True,3640,,15458,96,124,23046,/scratch/hpc-prf-llmfpga/asa582/projects/c2hls/artifacts/pc2/batch_parallel_chathls_fd_glm_rag2_ns_20260718_131155_rag2_ns
batch_parallel_chathls_fd_glm_rag2_ns_20260718_131155_rag2_ns,c2hls-chathls-benches,GLM-4.7,RAG2+noskills,rag2_ns,True,mobilenet,chathls_mobilenet,,,159052,712,269,77062,24626516,,205663,490,277,238941,,,,,,,False,24626516,,205663,490,277,238941,/scratch/hpc-prf-llmfpga/asa582/projects/c2hls/artifacts/pc2/batch_parallel_chathls_fd_glm_rag2_ns_20260718_131155_rag2_ns
batch_parallel_chathls_fd_glm_rag2_ns_20260718_131155_rag2_ns,c2hls-chathls-benches,GLM-4.7,RAG2+noskills,rag2_ns,True,mvt,chathls_mvt,14327,,56806,8,16,25208,5166,,9932,4,56,11722,,,,,,,False,5166,,9932,4,56,11722,/scratch/hpc-prf-llmfpga/asa582/projects/c2hls/artifacts/pc2/batch_parallel_chathls_fd_glm_rag2_ns_20260718_131155_rag2_ns
batch_parallel_chathls_fd_glm_rag2_ns_20260718_131155_rag2_ns,c2hls-chathls-benches,GLM-4.7,RAG2+noskills,rag2_ns,True,symm,chathls_kernel_symm,37430401,,24552,19,4,58192,407262,,18094,41,76,21589,,,,,,,False,407262,,18094,41,76,21589,/scratch/hpc-prf-llmfpga/asa582/projects/c2hls/artifacts/pc2/batch_parallel_chathls_fd_glm_rag2_ns_20260718_131155_rag2_ns
batch_parallel_chathls_fd_glm_rag2_ns_20260718_131155_rag2_ns,c2hls-chathls-benches,GLM-4.7,RAG2+noskills,rag2_ns,True,syr2k,chathls_kernel_syr2k,1952641,,4588,11,4,4919,417437,,15144,38,62,16382,,,,,,,False,417437,,15144,38,62,16382,/scratch/hpc-prf-llmfpga/asa582/projects/c2hls/artifacts/pc2/batch_parallel_chathls_fd_glm_rag2_ns_20260718_131155_rag2_ns
batch_parallel_chathls_fd_glm_rag_20260718_171759_rag_skills,c2hls-chathls-benches,GLM-4.7,scrape/RAG1+skills,rag_skills,True,2mm,chathls_kernel_2mm,25296077,,38403,20,8,26447,192156,,21498,48,100,25223,,,,,,,False,192156,,21498,48,100,25223,/scratch/hpc-prf-llmfpga/asa582/projects/c2hls/artifacts/pc2/batch_parallel_chathls_fd_glm_rag_20260718_171759_rag_skills
batch_parallel_chathls_fd_glm_rag_20260718_171759_rag_skills,c2hls-chathls-benches,GLM-4.7,scrape/RAG1+skills,rag_skills,True,3mm,chathls_kernel_3mm,45441119,,361516,14,30,125211,66069,,44834,117,94,81223,,,,,,,False,66069,,44834,117,94,81223,/scratch/hpc-prf-llmfpga/asa582/projects/c2hls/artifacts/pc2/batch_parallel_chathls_fd_glm_rag_20260718_171759_rag_skills
batch_parallel_chathls_fd_glm_rag_20260718_171759_rag_skills,c2hls-chathls-benches,GLM-4.7,scrape/RAG1+skills,rag_skills,True,atax,chathls_atax,236250,,25208,8,4,26830,3351,,10654,32,16,17044,7271,,9166,21,24,7393,True,3351,,10654,32,16,17044,/scratch/hpc-prf-llmfpga/asa582/projects/c2hls/artifacts/pc2/batch_parallel_chathls_fd_glm_rag_20260718_171759_rag_skills
batch_parallel_chathls_fd_glm_rag_20260718_171759_rag_skills,c2hls-chathls-benches,GLM-4.7,scrape/RAG1+skills,rag_skills,True,bicg,chathls_bicg,234516,,23798,12,4,24382,1840,,18114,304,54,34688,,,,,,,False,1840,,18114,304,54,34688,/scratch/hpc-prf-llmfpga/asa582/projects/c2hls/artifacts/pc2/batch_parallel_chathls_fd_glm_rag_20260718_171759_rag_skills
batch_parallel_chathls_fd_glm_rag_20260718_171759_rag_skills,c2hls-chathls-benches,GLM-4.7,scrape/RAG1+skills,rag_skills,True,covariance,chathls_covariance,233415,,69911,4,8,40998,19122,,8846,8,28,9290,,,,,,,False,19122,,8846,8,28,9290,/scratch/hpc-prf-llmfpga/asa582/projects/c2hls/artifacts/pc2/batch_parallel_chathls_fd_glm_rag_20260718_171759_rag_skills
batch_parallel_chathls_fd_glm_rag_20260718_171759_rag_skills,c2hls-chathls-benches,GLM-4.7,scrape/RAG1+skills,rag_skills,True,gemm,chathls_gemm,2871462,,30788,12,4,21949,26005,,6123,11,14,4713,17707,,5854,11,22,6377,True,26005,,6123,11,14,4713,/scratch/hpc-prf-llmfpga/asa582/projects/c2hls/artifacts/pc2/batch_parallel_chathls_fd_glm_rag_20260718_171759_rag_skills
batch_parallel_chathls_fd_glm_rag_20260718_171759_rag_skills,c2hls-chathls-benches,GLM-4.7,scrape/RAG1+skills,rag_skills,True,gemm_blocked,chathls_gemm_blocked,901125,,40482,22,30,23882,172201,,16257,16,138,20287,33905,,19914,6,48,32216,True,172201,,16257,16,138,20287,/scratch/hpc-prf-llmfpga/asa582/projects/c2hls/artifacts/pc2/batch_parallel_chathls_fd_glm_rag_20260718_171759_rag_skills
batch_parallel_chathls_fd_glm_rag_20260718_171759_rag_skills,c2hls-chathls-benches,GLM-4.7,scrape/RAG1+skills,rag_skills,True,gemm_ncubed,chathls_gemm_ncubed,295512,,152198,11,30,60410,21209,,64060,704,218,103384,,,,,,,False,21209,,64060,704,218,103384,/scratch/hpc-prf-llmfpga/asa582/projects/c2hls/artifacts/pc2/batch_parallel_chathls_fd_glm_rag_20260718_171759_rag_skills
batch_parallel_chathls_fd_glm_rag_20260718_171759_rag_skills,c2hls-chathls-benches,GLM-4.7,scrape/RAG1+skills,rag_skills,True,gesummv,chathls_gesummv,1499,,10272,8,4,11651,1540,,9002,24,24,7968,1538,,8623,24,28,9433,True,1540,,9002,24,24,7968,/scratch/hpc-prf-llmfpga/asa582/projects/c2hls/artifacts/pc2/batch_parallel_chathls_fd_glm_rag_20260718_171759_rag_skills
batch_parallel_chathls_fd_glm_rag_20260718_171759_rag_skills,c2hls-chathls-benches,GLM-4.7,scrape/RAG1+skills,rag_skills,True,matmul,chathls_matmul,34963,,78416,3,30,28613,3231,,19160,96,92,24996,3227,,16974,96,94,25759,True,3231,,19160,96,92,24996,/scratch/hpc-prf-llmfpga/asa582/projects/c2hls/artifacts/pc2/batch_parallel_chathls_fd_glm_rag_20260718_171759_rag_skills
batch_parallel_chathls_fd_glm_rag_20260718_171759_rag_skills,c2hls-chathls-benches,GLM-4.7,scrape/RAG1+skills,rag_skills,True,mobilenet,chathls_mobilenet,,,159052,712,269,77062,12651459,,52857,163,324,42977,,,,,,,False,12651459,,52857,163,324,42977,/scratch/hpc-prf-llmfpga/asa582/projects/c2hls/artifacts/pc2/batch_parallel_chathls_fd_glm_rag_20260718_171759_rag_skills
batch_parallel_chathls_fd_glm_rag_20260718_171759_rag_skills,c2hls-chathls-benches,GLM-4.7,scrape/RAG1+skills,rag_skills,True,mvt,chathls_mvt,14327,,56806,8,16,25208,5007,,12950,4,84,15337,,,,,,,False,5007,,12950,4,84,15337,/scratch/hpc-prf-llmfpga/asa582/projects/c2hls/artifacts/pc2/batch_parallel_chathls_fd_glm_rag_20260718_171759_rag_skills
batch_parallel_chathls_fd_glm_rag_20260718_171759_rag_skills,c2hls-chathls-benches,GLM-4.7,scrape/RAG1+skills,rag_skills,True,symm,chathls_kernel_symm,37430401,,24552,19,4,58192,63753,,37296,205,348,85350,,,,,,,False,63753,,37296,205,348,85350,/scratch/hpc-prf-llmfpga/asa582/projects/c2hls/artifacts/pc2/batch_parallel_chathls_fd_glm_rag_20260718_171759_rag_skills
batch_parallel_chathls_fd_glm_rag_20260718_171759_rag_skills,c2hls-chathls-benches,GLM-4.7,scrape/RAG1+skills,rag_skills,True,syr2k,chathls_kernel_syr2k,1952641,,4588,11,4,4919,979993,,12686,11,158,14281,,,,,,,False,979993,,12686,11,158,14281,/scratch/hpc-prf-llmfpga/asa582/projects/c2hls/artifacts/pc2/batch_parallel_chathls_fd_glm_rag_20260718_171759_rag_skills
batch_parallel_chathls_fd_glm_rag_20260718_171759_rag_skills,c2hls-chathls-benches,GLM-4.7,scrape/RAG1+skills,rag_skills,True,syrk,chathls_kernel_syrk,1183841,,4349,11,4,4252,1365680,,11723,8,46,10862,,,,,,,False,1365680,,11723,8,46,10862,/scratch/hpc-prf-llmfpga/asa582/projects/c2hls/artifacts/pc2/batch_parallel_chathls_fd_glm_rag_20260718_171759_rag_skills
batch_parallel_chathls_fd_glm_skills_20260718_205203_skills,c2hls-chathls-benches,GLM-4.7,skills,skills,True,2mm,chathls_kernel_2mm,25296077,,38403,20,8,26447,2123355,2113092,18444,16,148,19514,,,,,,,,2123355,2113092,18444,16,148,19514,/scratch/hpc-prf-llmfpga/asa582/projects/c2hls/artifacts/pc2/batch_parallel_chathls_fd_glm_skills_20260718_205203_skills
batch_parallel_chathls_fd_glm_skills_20260718_205203_skills,c2hls-chathls-benches,GLM-4.7,skills,skills,True,3mm,chathls_kernel_3mm,45441119,,361516,14,30,125211,1131056,1106320,20773,17,182,22198,,,,,,,,1131056,1106320,20773,17,182,22198,/scratch/hpc-prf-llmfpga/asa582/projects/c2hls/artifacts/pc2/batch_parallel_chathls_fd_glm_skills_20260718_205203_skills
batch_parallel_chathls_fd_glm_skills_20260718_205203_skills,c2hls-chathls-benches,GLM-4.7,skills,skills,True,atax,chathls_atax,236250,,25208,8,4,26830,3994,3935,7534,9,20,6232,,,,,,,,3994,3935,7534,9,20,6232,/scratch/hpc-prf-llmfpga/asa582/projects/c2hls/artifacts/pc2/batch_parallel_chathls_fd_glm_skills_20260718_205203_skills
batch_parallel_chathls_fd_glm_skills_20260718_205203_skills,c2hls-chathls-benches,GLM-4.7,skills,skills,True,bicg,chathls_bicg,234516,,23798,12,4,24382,3394,3508,8428,10,24,7093,,,,,,,,3394,3508,8428,10,24,7093,/scratch/hpc-prf-llmfpga/asa582/projects/c2hls/artifacts/pc2/batch_parallel_chathls_fd_glm_skills_20260718_205203_skills
batch_parallel_chathls_fd_glm_skills_20260718_205203_skills,c2hls-chathls-benches,GLM-4.7,skills,skills,True,covariance,chathls_covariance,233415,,69911,4,8,40998,38065,38740,47893,4,26,73534,,,,,,,,38065,38740,47893,4,26,73534,/scratch/hpc-prf-llmfpga/asa582/projects/c2hls/artifacts/pc2/batch_parallel_chathls_fd_glm_skills_20260718_205203_skills
batch_parallel_chathls_fd_glm_skills_20260718_205203_skills,c2hls-chathls-benches,GLM-4.7,skills,skills,True,gemm,chathls_gemm,2871462,,30788,12,4,21949,2517,2673,16129,104,10,23706,,,,,,,,2517,2673,16129,104,10,23706,/scratch/hpc-prf-llmfpga/asa582/projects/c2hls/artifacts/pc2/batch_parallel_chathls_fd_glm_skills_20260718_205203_skills
batch_parallel_chathls_fd_glm_skills_20260718_205203_skills,c2hls-chathls-benches,GLM-4.7,skills,skills,True,gemm_blocked,chathls_gemm_blocked,901125,,40482,22,30,23882,671688,947592,14324,16,90,21359,,,,,,,,671688,947592,14324,16,90,21359,/scratch/hpc-prf-llmfpga/asa582/projects/c2hls/artifacts/pc2/batch_parallel_chathls_fd_glm_skills_20260718_205203_skills
batch_parallel_chathls_fd_glm_skills_20260718_205203_skills,c2hls-chathls-benches,GLM-4.7,skills,skills,True,gemm_ncubed,chathls_gemm_ncubed,295512,,152198,11,30,60410,355607,353691,11714,8,90,15658,,,,,,,,355607,353691,11714,8,90,15658,/scratch/hpc-prf-llmfpga/asa582/projects/c2hls/artifacts/pc2/batch_parallel_chathls_fd_glm_skills_20260718_205203_skills
batch_parallel_chathls_fd_glm_skills_20260718_205203_skills,c2hls-chathls-benches,GLM-4.7,skills,skills,True,gesummv,chathls_gesummv,1499,,10272,8,4,11651,1435,1492,7743,8,20,6789,,,,,,,,1435,1492,7743,8,20,6789,/scratch/hpc-prf-llmfpga/asa582/projects/c2hls/artifacts/pc2/batch_parallel_chathls_fd_glm_skills_20260718_205203_skills
batch_parallel_chathls_fd_glm_skills_20260718_205203_skills,c2hls-chathls-benches,GLM-4.7,skills,skills,True,matmul,chathls_matmul,34963,,78416,3,30,28613,3576,3645,16684,96,92,23552,,,,,,,,3576,3645,16684,96,92,23552,/scratch/hpc-prf-llmfpga/asa582/projects/c2hls/artifacts/pc2/batch_parallel_chathls_fd_glm_skills_20260718_205203_skills
batch_parallel_chathls_fd_glm_skills_20260718_205203_skills,c2hls-chathls-benches,GLM-4.7,skills,skills,True,mobilenet,chathls_mobilenet,,,159052,712,269,77062,22593315,20647995,19093,36,266,12849,,,,,,,,22593315,20647995,19093,36,266,12849,/scratch/hpc-prf-llmfpga/asa582/projects/c2hls/artifacts/pc2/batch_parallel_chathls_fd_glm_skills_20260718_205203_skills
batch_parallel_chathls_fd_glm_skills_20260718_205203_skills,c2hls-chathls-benches,GLM-4.7,skills,skills,True,mvt,chathls_mvt,14327,,56806,8,16,25208,5005,5103,16422,4,80,16525,,,,,,,,5005,5103,16422,4,80,16525,/scratch/hpc-prf-llmfpga/asa582/projects/c2hls/artifacts/pc2/batch_parallel_chathls_fd_glm_skills_20260718_205203_skills
batch_parallel_chathls_fd_glm_skills_20260718_205203_skills,c2hls-chathls-benches,GLM-4.7,skills,skills,True,symm,chathls_kernel_symm,37430401,,24552,19,4,58192,968974,971354,15343,19,76,21139,,,,,,,,968974,971354,15343,19,76,21139,/scratch/hpc-prf-llmfpga/asa582/projects/c2hls/artifacts/pc2/batch_parallel_chathls_fd_glm_skills_20260718_205203_skills
batch_parallel_chathls_fd_glm_skills_20260718_205203_skills,c2hls-chathls-benches,GLM-4.7,skills,skills,True,syr2k,chathls_kernel_syr2k,1952641,,4588,11,4,4919,712801,764048,15603,35,64,19342,,,,,,,,712801,764048,15603,35,64,19342,/scratch/hpc-prf-llmfpga/asa582/projects/c2hls/artifacts/pc2/batch_parallel_chathls_fd_glm_skills_20260718_205203_skills
batch_parallel_chathls_fd_glm_skills_20260718_205203_skills,c2hls-chathls-benches,GLM-4.7,skills,skills,True,syrk,chathls_kernel_syrk,1183841,,4349,11,4,4252,365600,413755,11797,11,46,11356,,,,,,,,365600,413755,11797,11,46,11356,/scratch/hpc-prf-llmfpga/asa582/projects/c2hls/artifacts/pc2/batch_parallel_chathls_fd_glm_skills_20260718_205203_skills
batch_parallel_chathls_fd_rag2_20260717_091157_rag2_skills,c2hls-chathls-benches,Devstral,RAG2+skills,rag2_skills,True,2mm,chathls_kernel_2mm,25296077,,38403,20,8,26447,54794,,85846,772,184,133578,,,,,,,False,54794,,85846,772,184,133578,/scratch/hpc-prf-llmfpga/asa582/projects/c2hls/artifacts/pc2/batch_parallel_chathls_fd_rag2_20260717_091157_rag2_skills
batch_parallel_chathls_fd_rag2_20260717_091157_rag2_skills,c2hls-chathls-benches,Devstral,RAG2+skills,rag2_skills,True,3mm,chathls_kernel_3mm,45441119,,361516,14,30,125211,91045,,103740,663,374,154508,132646,,93755,553,214,142510,True,91045,,103740,663,374,154508,/scratch/hpc-prf-llmfpga/asa582/projects/c2hls/artifacts/pc2/batch_parallel_chathls_fd_rag2_20260717_091157_rag2_skills
batch_parallel_chathls_fd_rag2_20260717_091157_rag2_skills,c2hls-chathls-benches,Devstral,RAG2+skills,rag2_skills,True,atax,chathls_atax,236250,,25208,8,4,26830,5370,,9248,10,20,13782,5333,,23620,10,24,35282,True,5370,,9248,10,20,13782,/scratch/hpc-prf-llmfpga/asa582/projects/c2hls/artifacts/pc2/batch_parallel_chathls_fd_rag2_20260717_091157_rag2_skills
batch_parallel_chathls_fd_rag2_20260717_091157_rag2_skills,c2hls-chathls-benches,Devstral,RAG2+skills,rag2_skills,True,bicg,chathls_bicg,234516,,23798,12,4,24382,1892,,20727,304,20,34887,1932,,20605,304,20,36380,True,1892,,20727,304,20,34887,/scratch/hpc-prf-llmfpga/asa582/projects/c2hls/artifacts/pc2/batch_parallel_chathls_fd_rag2_20260717_091157_rag2_skills
batch_parallel_chathls_fd_rag2_20260717_091157_rag2_skills,c2hls-chathls-benches,Devstral,RAG2+skills,rag2_skills,True,covariance,chathls_covariance,233415,,69911,4,8,40998,34131,,12110,4,22,16474,19736,,15793,4,36,16931,True,34131,,12110,4,22,16474,/scratch/hpc-prf-llmfpga/asa582/projects/c2hls/artifacts/pc2/batch_parallel_chathls_fd_rag2_20260717_091157_rag2_skills
batch_parallel_chathls_fd_rag2_20260717_091157_rag2_skills,c2hls-chathls-benches,Devstral,RAG2+skills,rag2_skills,True,gemm,chathls_gemm,2871462,,30788,12,4,21949,2764,,19069,336,11,29380,,,,,,,False,2764,,19069,336,11,29380,/scratch/hpc-prf-llmfpga/asa582/projects/c2hls/artifacts/pc2/batch_parallel_chathls_fd_rag2_20260717_091157_rag2_skills
batch_parallel_chathls_fd_rag2_20260717_091157_rag2_skills,c2hls-chathls-benches,Devstral,RAG2+skills,rag2_skills,True,gemm_blocked,chathls_gemm_blocked,901125,,40482,22,30,23882,603722,,19542,22,90,39136,,,,,,,False,603722,,19542,22,90,39136,/scratch/hpc-prf-llmfpga/asa582/projects/c2hls/artifacts/pc2/batch_parallel_chathls_fd_rag2_20260717_091157_rag2_skills
batch_parallel_chathls_fd_rag2_20260717_091157_rag2_skills,c2hls-chathls-benches,Devstral,RAG2+skills,rag2_skills,True,gemm_ncubed,chathls_gemm_ncubed,295512,,152198,11,30,60410,48090,,68858,704,90,105075,52186,,62507,704,250,101684,True,48090,,68858,704,90,105075,/scratch/hpc-prf-llmfpga/asa582/projects/c2hls/artifacts/pc2/batch_parallel_chathls_fd_rag2_20260717_091157_rag2_skills
batch_parallel_chathls_fd_rag2_20260717_091157_rag2_skills,c2hls-chathls-benches,Devstral,RAG2+skills,rag2_skills,True,gesummv,chathls_gesummv,1499,,10272,8,4,11651,682,,18351,248,20,29337,682,,21993,248,20,41608,True,682,,18351,248,20,29337,/scratch/hpc-prf-llmfpga/asa582/projects/c2hls/artifacts/pc2/batch_parallel_chathls_fd_rag2_20260717_091157_rag2_skills
batch_parallel_chathls_fd_rag2_20260717_091157_rag2_skills,c2hls-chathls-benches,Devstral,RAG2+skills,rag2_skills,True,matmul,chathls_matmul,34963,,78416,3,30,28613,2201,,18945,96,90,25019,3227,,16968,96,94,25750,True,2201,,18945,96,90,25019,/scratch/hpc-prf-llmfpga/asa582/projects/c2hls/artifacts/pc2/batch_parallel_chathls_fd_rag2_20260717_091157_rag2_skills
batch_parallel_chathls_fd_rag2_20260717_091157_rag2_skills,c2hls-chathls-benches,Devstral,RAG2+skills,rag2_skills,True,mvt,chathls_mvt,14327,,56806,8,16,25208,5007,,13309,4,84,18133,5008,,14060,4,84,18587,True,5007,,13309,4,84,18133,/scratch/hpc-prf-llmfpga/asa582/projects/c2hls/artifacts/pc2/batch_parallel_chathls_fd_rag2_20260717_091157_rag2_skills
batch_parallel_chathls_fd_rag2_20260717_091157_rag2_skills,c2hls-chathls-benches,Devstral,RAG2+skills,rag2_skills,True,symm,chathls_kernel_symm,37430401,,24552,19,4,58192,24552001,,29209,19,12,57775,,,,,,,False,24552001,,29209,19,12,57775,/scratch/hpc-prf-llmfpga/asa582/projects/c2hls/artifacts/pc2/batch_parallel_chathls_fd_rag2_20260717_091157_rag2_skills
batch_parallel_chathls_fd_rag2_20260717_091157_rag2_skills,c2hls-chathls-benches,Devstral,RAG2+skills,rag2_skills,True,syr2k,chathls_kernel_syr2k,1952641,,4588,11,4,4919,407673,,12935,38,158,15760,,,,,,,False,407673,,12935,38,158,15760,/scratch/hpc-prf-llmfpga/asa582/projects/c2hls/artifacts/pc2/batch_parallel_chathls_fd_rag2_20260717_091157_rag2_skills
batch_parallel_chathls_fd_rag2_20260717_091157_rag2_skills,c2hls-chathls-benches,Devstral,RAG2+skills,rag2_skills,True,syrk,chathls_kernel_syrk,1183841,,4349,11,4,4252,407033,,9751,19,110,11359,,,,,,,False,407033,,9751,19,110,11359,/scratch/hpc-prf-llmfpga/asa582/projects/c2hls/artifacts/pc2/batch_parallel_chathls_fd_rag2_20260717_091157_rag2_skills
batch_parallel_chathls_fd_rag2_ns_20260717_091157_rag2_ns,c2hls-chathls-benches,Devstral,RAG2+noskills,rag2_ns,True,2mm,chathls_kernel_2mm,25296077,,38403,20,8,26447,114860,,84644,771,184,133244,54292,,111544,1329,380,183072,True,114860,,84644,771,184,133244,/scratch/hpc-prf-llmfpga/asa582/projects/c2hls/artifacts/pc2/batch_parallel_chathls_fd_rag2_ns_20260717_091157_rag2_ns
batch_parallel_chathls_fd_rag2_ns_20260717_091157_rag2_ns,c2hls-chathls-benches,Devstral,RAG2+noskills,rag2_ns,True,3mm,chathls_kernel_3mm,45441119,,361516,14,30,125211,2100309,,17559,20,70,31317,2718093,,20995,20,198,20845,True,2100309,,17559,20,70,31317,/scratch/hpc-prf-llmfpga/asa582/projects/c2hls/artifacts/pc2/batch_parallel_chathls_fd_rag2_ns_20260717_091157_rag2_ns
batch_parallel_chathls_fd_rag2_ns_20260717_091157_rag2_ns,c2hls-chathls-benches,Devstral,RAG2+noskills,rag2_ns,True,atax,chathls_atax,236250,,25208,8,4,26830,317725,,15635,20,16,12531,3164,,15211,16,16,13577,True,317725,,15635,20,16,12531,/scratch/hpc-prf-llmfpga/asa582/projects/c2hls/artifacts/pc2/batch_parallel_chathls_fd_rag2_ns_20260717_091157_rag2_ns
batch_parallel_chathls_fd_rag2_ns_20260717_091157_rag2_ns,c2hls-chathls-benches,Devstral,RAG2+noskills,rag2_ns,True,bicg,chathls_bicg,234516,,23798,12,4,24382,234607,,8889,4,20,6152,3321,,8192,9,20,8768,True,234607,,8889,4,20,6152,/scratch/hpc-prf-llmfpga/asa582/projects/c2hls/artifacts/pc2/batch_parallel_chathls_fd_rag2_ns_20260717_091157_rag2_ns
batch_parallel_chathls_fd_rag2_ns_20260717_091157_rag2_ns,c2hls-chathls-benches,Devstral,RAG2+noskills,rag2_ns,True,covariance,chathls_covariance,233415,,69911,4,8,40998,6234,,23859,128,26,28437,,,,,,,False,6234,,23859,128,26,28437,/scratch/hpc-prf-llmfpga/asa582/projects/c2hls/artifacts/pc2/batch_parallel_chathls_fd_rag2_ns_20260717_091157_rag2_ns
batch_parallel_chathls_fd_rag2_ns_20260717_091157_rag2_ns,c2hls-chathls-benches,Devstral,RAG2+noskills,rag2_ns,True,gemm,chathls_gemm,2871462,,30788,12,4,21949,16417,,5647,20,13,4674,16995,,6038,20,17,5513,True,16417,,5647,20,13,4674,/scratch/hpc-prf-llmfpga/asa582/projects/c2hls/artifacts/pc2/batch_parallel_chathls_fd_rag2_ns_20260717_091157_rag2_ns
batch_parallel_chathls_fd_rag2_ns_20260717_091157_rag2_ns,c2hls-chathls-benches,Devstral,RAG2+noskills,rag2_ns,True,gemm_blocked,chathls_gemm_blocked,901125,,40482,22,30,23882,1224705,,12888,16,90,17818,,,,,,,False,1224705,,12888,16,90,17818,/scratch/hpc-prf-llmfpga/asa582/projects/c2hls/artifacts/pc2/batch_parallel_chathls_fd_rag2_ns_20260717_091157_rag2_ns
batch_parallel_chathls_fd_rag2_ns_20260717_091157_rag2_ns,c2hls-chathls-benches,Devstral,RAG2+noskills,rag2_ns,True,gemm_ncubed,chathls_gemm_ncubed,295512,,152198,11,30,60410,1950220,,9599,8,64,11667,,,,,,,False,1950220,,9599,8,64,11667,/scratch/hpc-prf-llmfpga/asa582/projects/c2hls/artifacts/pc2/batch_parallel_chathls_fd_rag2_ns_20260717_091157_rag2_ns
batch_parallel_chathls_fd_rag2_ns_20260717_091157_rag2_ns,c2hls-chathls-benches,Devstral,RAG2+noskills,rag2_ns,True,gesummv,chathls_gesummv,1499,,10272,8,4,11651,4411,,8686,16,18,7275,,,,,,,False,4411,,8686,16,18,7275,/scratch/hpc-prf-llmfpga/asa582/projects/c2hls/artifacts/pc2/batch_parallel_chathls_fd_rag2_ns_20260717_091157_rag2_ns
batch_parallel_chathls_fd_rag2_ns_20260717_091157_rag2_ns,c2hls-chathls-benches,Devstral,RAG2+noskills,rag2_ns,True,matmul,chathls_matmul,34963,,78416,3,30,28613,34974,,12483,3,96,14912,34970,,11800,3,102,15615,True,34974,,12483,3,96,14912,/scratch/hpc-prf-llmfpga/asa582/projects/c2hls/artifacts/pc2/batch_parallel_chathls_fd_rag2_ns_20260717_091157_rag2_ns
batch_parallel_chathls_fd_rag2_ns_20260717_091157_rag2_ns,c2hls-chathls-benches,Devstral,RAG2+noskills,rag2_ns,True,mvt,chathls_mvt,14327,,56806,8,16,25208,8868,,18160,12,53,21948,907,,123293,160,80,200276,True,8868,,18160,12,53,21948,/scratch/hpc-prf-llmfpga/asa582/projects/c2hls/artifacts/pc2/batch_parallel_chathls_fd_rag2_ns_20260717_091157_rag2_ns
batch_parallel_chathls_fd_rag2_ns_20260717_091157_rag2_ns,c2hls-chathls-benches,Devstral,RAG2+noskills,rag2_ns,True,symm,chathls_kernel_symm,37430401,,24552,19,4,58192,24552001,,29241,19,12,57787,,,,,,,False,24552001,,29241,19,12,57787,/scratch/hpc-prf-llmfpga/asa582/projects/c2hls/artifacts/pc2/batch_parallel_chathls_fd_rag2_ns_20260717_091157_rag2_ns
batch_parallel_chathls_fd_rag2_ns_20260717_091157_rag2_ns,c2hls-chathls-benches,Devstral,RAG2+noskills,rag2_ns,True,syr2k,chathls_kernel_syr2k,1952641,,4588,11,4,4919,56952,,67133,404,222,94348,,,,,,,False,56952,,67133,404,222,94348,/scratch/hpc-prf-llmfpga/asa582/projects/c2hls/artifacts/pc2/batch_parallel_chathls_fd_rag2_ns_20260717_091157_rag2_ns
batch_parallel_chathls_fd_rag2_ns_20260717_091157_rag2_ns,c2hls-chathls-benches,Devstral,RAG2+noskills,rag2_ns,True,syrk,chathls_kernel_syrk,1183841,,4349,11,4,4252,407033,,9751,19,110,11359,,,,,,,False,407033,,9751,19,110,11359,/scratch/hpc-prf-llmfpga/asa582/projects/c2hls/artifacts/pc2/batch_parallel_chathls_fd_rag2_ns_20260717_091157_rag2_ns
batch_parallel_chathls_fd_rag_ns_20260716_chathls_rag_ns,c2hls-chathls-benches,Devstral,scrape/RAG1+noskills,,False,atax,chathls_atax,236250,,25208,8,4,26830,1854,,19788,336,16,35587,,,,,,,,1854,,19788,336,16,35587,/scratch/hpc-prf-llmfpga/asa582/projects/c2hls/artifacts/pc2/batch_parallel_chathls_fd_rag_ns_20260716_chathls_rag_ns
batch_parallel_chathls_fd_rag_ns_20260716_chathls_rag_ns,c2hls-chathls-benches,Devstral,scrape/RAG1+noskills,,False,bicg,chathls_bicg,234516,,23798,12,4,24382,1957,,20767,304,20,36246,,,,,,,,1957,,20767,304,20,36246,/scratch/hpc-prf-llmfpga/asa582/projects/c2hls/artifacts/pc2/batch_parallel_chathls_fd_rag_ns_20260716_chathls_rag_ns
batch_parallel_chathls_fd_rag_ns_20260716_chathls_rag_ns,c2hls-chathls-benches,Devstral,scrape/RAG1+noskills,,False,covariance,chathls_covariance,233415,,69911,4,8,40998,5269,,51547,64,18,81787,,,,,,,,5269,,51547,64,18,81787,/scratch/hpc-prf-llmfpga/asa582/projects/c2hls/artifacts/pc2/batch_parallel_chathls_fd_rag_ns_20260716_chathls_rag_ns
batch_parallel_chathls_fd_rag_ns_20260716_chathls_rag_ns,c2hls-chathls-benches,Devstral,scrape/RAG1+noskills,,False,gemm,chathls_gemm,2871462,,30788,12,4,21949,2026,,28760,183,8,55096,,,,,,,,2026,,28760,183,8,55096,/scratch/hpc-prf-llmfpga/asa582/projects/c2hls/artifacts/pc2/batch_parallel_chathls_fd_rag_ns_20260716_chathls_rag_ns
batch_parallel_chathls_fd_rag_ns_20260716_chathls_rag_ns,c2hls-chathls-benches,Devstral,scrape/RAG1+noskills,,False,gemm_blocked,chathls_gemm_blocked,901125,,40482,22,30,23882,4895873,,26006,536,64,52243,,,,,,,,4895873,,26006,536,64,52243,/scratch/hpc-prf-llmfpga/asa582/projects/c2hls/artifacts/pc2/batch_parallel_chathls_fd_rag_ns_20260716_chathls_rag_ns
batch_parallel_chathls_fd_rag_ns_20260716_chathls_rag_ns,c2hls-chathls-benches,Devstral,scrape/RAG1+noskills,,False,gemm_ncubed,chathls_gemm_ncubed,295512,,152198,11,30,60410,262887,,49788,11,90,171623,,,,,,,,262887,,49788,11,90,171623,/scratch/hpc-prf-llmfpga/asa582/projects/c2hls/artifacts/pc2/batch_parallel_chathls_fd_rag_ns_20260716_chathls_rag_ns
batch_parallel_chathls_fd_rag_ns_20260716_chathls_rag_ns,c2hls-chathls-benches,Devstral,scrape/RAG1+noskills,,False,gesummv,chathls_gesummv,1499,,10272,8,4,11651,175441,,14636,12,12,13844,,,,,,,,175441,,14636,12,12,13844,/scratch/hpc-prf-llmfpga/asa582/projects/c2hls/artifacts/pc2/batch_parallel_chathls_fd_rag_ns_20260716_chathls_rag_ns
batch_parallel_chathls_fd_rag_ns_20260716_chathls_rag_ns,c2hls-chathls-benches,Devstral,scrape/RAG1+noskills,,False,matmul,chathls_matmul,34963,,78416,3,30,28613,2201,,18945,96,90,25019,,,,,,,,2201,,18945,96,90,25019,/scratch/hpc-prf-llmfpga/asa582/projects/c2hls/artifacts/pc2/batch_parallel_chathls_fd_rag_ns_20260716_chathls_rag_ns
batch_parallel_chathls_fd_rag_ns_20260716_chathls_rag_ns,c2hls-chathls-benches,Devstral,scrape/RAG1+noskills,,False,mvt,chathls_mvt,14327,,56806,8,16,25208,120058,,13496,4,52,12480,,,,,,,,120058,,13496,4,52,12480,/scratch/hpc-prf-llmfpga/asa582/projects/c2hls/artifacts/pc2/batch_parallel_chathls_fd_rag_ns_20260716_chathls_rag_ns
batch_parallel_chathls_fd_rag_ns_20260716_chathls_rag_ns2,c2hls-chathls-benches,Devstral,scrape/RAG1+noskills,,True,2mm,chathls_kernel_2mm,25296077,,38403,20,8,26447,2970002,,328403,8,1280,337466,1506901,,374166,22,2668,450942,True,2970002,,328403,8,1280,337466,/scratch/hpc-prf-llmfpga/asa582/projects/c2hls/artifacts/pc2/batch_parallel_chathls_fd_rag_ns_20260716_chathls_rag_ns2
batch_parallel_chathls_fd_rag_ns_20260716_chathls_rag_ns2,c2hls-chathls-benches,Devstral,scrape/RAG1+noskills,,True,3mm,chathls_kernel_3mm,45441119,,361516,14,30,125211,2100309,,17499,20,70,31291,,,,,,,False,2100309,,17499,20,70,31291,/scratch/hpc-prf-llmfpga/asa582/projects/c2hls/artifacts/pc2/batch_parallel_chathls_fd_rag_ns_20260716_chathls_rag_ns2
batch_parallel_chathls_fd_rag_ns_20260716_chathls_rag_ns2,c2hls-chathls-benches,Devstral,scrape/RAG1+noskills,,True,atax,chathls_atax,236250,,25208,8,4,26830,5552,,7022,5,20,5717,5591,,6533,5,16,6607,True,5552,,7022,5,20,5717,/scratch/hpc-prf-llmfpga/asa582/projects/c2hls/artifacts/pc2/batch_parallel_chathls_fd_rag_ns_20260716_chathls_rag_ns2
batch_parallel_chathls_fd_rag_ns_20260716_chathls_rag_ns2,c2hls-chathls-benches,Devstral,scrape/RAG1+noskills,,True,bicg,chathls_bicg,234516,,23798,12,4,24382,236162,,10277,9,24,7490,3321,,8088,9,20,8613,True,236162,,10277,9,24,7490,/scratch/hpc-prf-llmfpga/asa582/projects/c2hls/artifacts/pc2/batch_parallel_chathls_fd_rag_ns_20260716_chathls_rag_ns2
batch_parallel_chathls_fd_rag_ns_20260716_chathls_rag_ns2,c2hls-chathls-benches,Devstral,scrape/RAG1+noskills,,True,covariance,chathls_covariance,233415,,69911,4,8,40998,3491,,64246,64,24,85368,3445,,309246,64,24,384159,True,3491,,64246,64,24,85368,/scratch/hpc-prf-llmfpga/asa582/projects/c2hls/artifacts/pc2/batch_parallel_chathls_fd_rag_ns_20260716_chathls_rag_ns2
batch_parallel_chathls_fd_rag_ns_20260716_chathls_rag_ns2,c2hls-chathls-benches,Devstral,scrape/RAG1+noskills,,True,gemm,chathls_gemm,2871462,,30788,12,4,21949,16407,,9107,25,13,6751,,,,,,,False,16407,,9107,25,13,6751,/scratch/hpc-prf-llmfpga/asa582/projects/c2hls/artifacts/pc2/batch_parallel_chathls_fd_rag_ns_20260716_chathls_rag_ns2
batch_parallel_chathls_fd_rag_ns_20260716_chathls_rag_ns2,c2hls-chathls-benches,Devstral,scrape/RAG1+noskills,,True,gemm_blocked,chathls_gemm_blocked,901125,,40482,22,30,23882,848833,,17111,32,90,32723,,,,,,,False,848833,,17111,32,90,32723,/scratch/hpc-prf-llmfpga/asa582/projects/c2hls/artifacts/pc2/batch_parallel_chathls_fd_rag_ns_20260716_chathls_rag_ns2
batch_parallel_chathls_fd_rag_ns_20260716_chathls_rag_ns2,c2hls-chathls-benches,Devstral,scrape/RAG1+noskills,,True,gemm_ncubed,chathls_gemm_ncubed,295512,,152198,11,30,60410,656012,,9529,11,64,11797,,,,,,,False,656012,,9529,11,64,11797,/scratch/hpc-prf-llmfpga/asa582/projects/c2hls/artifacts/pc2/batch_parallel_chathls_fd_rag_ns_20260716_chathls_rag_ns2
batch_parallel_chathls_fd_rag_ns_20260716_chathls_rag_ns2,c2hls-chathls-benches,Devstral,scrape/RAG1+noskills,,True,gesummv,chathls_gesummv,1499,,10272,8,4,11651,9835,,8388,8,16,7020,4775,,7861,16,28,8264,True,9835,,8388,8,16,7020,/scratch/hpc-prf-llmfpga/asa582/projects/c2hls/artifacts/pc2/batch_parallel_chathls_fd_rag_ns_20260716_chathls_rag_ns2
batch_parallel_chathls_fd_rag_ns_20260716_chathls_rag_ns2,c2hls-chathls-benches,Devstral,scrape/RAG1+noskills,,True,matmul,chathls_matmul,34963,,78416,3,30,28613,34974,,12477,3,96,14903,34970,,11794,3,102,15606,True,34974,,12477,3,96,14903,/scratch/hpc-prf-llmfpga/asa582/projects/c2hls/artifacts/pc2/batch_parallel_chathls_fd_rag_ns_20260716_chathls_rag_ns2
batch_parallel_chathls_fd_rag_ns_20260716_chathls_rag_ns2,c2hls-chathls-benches,Devstral,scrape/RAG1+noskills,,True,mvt,chathls_mvt,14327,,56806,8,16,25208,5166,,13574,4,52,15664,5630,,28121,4,80,44140,True,5166,,13574,4,52,15664,/scratch/hpc-prf-llmfpga/asa582/projects/c2hls/artifacts/pc2/batch_parallel_chathls_fd_rag_ns_20260716_chathls_rag_ns2
batch_parallel_chathls_fd_rag_ns_20260716_chathls_rag_ns2,c2hls-chathls-benches,Devstral,scrape/RAG1+noskills,,True,symm,chathls_kernel_symm,37430401,,24552,19,4,58192,66528001,,10503,8,12,8182,,,,,,,False,66528001,,10503,8,12,8182,/scratch/hpc-prf-llmfpga/asa582/projects/c2hls/artifacts/pc2/batch_parallel_chathls_fd_rag_ns_20260716_chathls_rag_ns2
batch_parallel_chathls_fd_rag_ns_20260716_chathls_rag_ns2,c2hls-chathls-benches,Devstral,scrape/RAG1+noskills,,True,syr2k,chathls_kernel_syr2k,1952641,,4588,11,4,4919,56953,,156429,404,222,713167,,,,,,,False,56953,,156429,404,222,713167,/scratch/hpc-prf-llmfpga/asa582/projects/c2hls/artifacts/pc2/batch_parallel_chathls_fd_rag_ns_20260716_chathls_rag_ns2
batch_parallel_chathls_fd_rag_ns_20260716_chathls_rag_ns2,c2hls-chathls-benches,Devstral,scrape/RAG1+noskills,,True,syrk,chathls_kernel_syrk,1183841,,4349,11,4,4252,407033,,9751,19,110,11359,,,,,,,False,407033,,9751,19,110,11359,/scratch/hpc-prf-llmfpga/asa582/projects/c2hls/artifacts/pc2/batch_parallel_chathls_fd_rag_ns_20260716_chathls_rag_ns2
batch_parallel_chathls_fd_ds_rag2_20260719_095037_ds_ctrl,c2hls-control,DeepSeek,RAG2+skills,rag2_skills,True,2mm,chathls_kernel_2mm,25296077,,38403,20,8,26447,53034,,127984,771,132,160401,,,,,,,False,53034,,127984,771,132,160401,/scratch/hpc-prf-llmfpga/asa582/projects/c2hls/artifacts/pc2/batch_parallel_chathls_fd_ds_rag2_20260719_095037_ds_ctrl
batch_parallel_chathls_fd_ds_rag2_20260719_095037_ds_ctrl,c2hls-control,DeepSeek,RAG2+skills,rag2_skills,True,3mm,chathls_kernel_3mm,45441119,,361516,14,30,125211,87544,,172129,881,150,203717,,,,,,,False,87544,,172129,881,150,203717,/scratch/hpc-prf-llmfpga/asa582/projects/c2hls/artifacts/pc2/batch_parallel_chathls_fd_ds_rag2_20260719_095037_ds_ctrl
batch_parallel_chathls_fd_ds_rag2_20260719_095037_ds_ctrl,c2hls-control,DeepSeek,RAG2+skills,rag2_skills,True,atax,chathls_atax,236250,,25208,8,4,26830,5552,,7164,5,20,5726,5599,,7643,5,24,5654,True,5552,,7164,5,20,5726,/scratch/hpc-prf-llmfpga/asa582/projects/c2hls/artifacts/pc2/batch_parallel_chathls_fd_ds_rag2_20260719_095037_ds_ctrl
batch_parallel_chathls_fd_ds_rag2_20260719_095037_ds_ctrl,c2hls-control,DeepSeek,RAG2+skills,rag2_skills,True,bicg,chathls_bicg,234516,,23798,12,4,24382,3393,,9492,9,24,11155,,,,,,,False,3393,,9492,9,24,11155,/scratch/hpc-prf-llmfpga/asa582/projects/c2hls/artifacts/pc2/batch_parallel_chathls_fd_ds_rag2_20260719_095037_ds_ctrl
batch_parallel_chathls_fd_ds_rag2_20260719_095037_ds_ctrl,c2hls-control,DeepSeek,RAG2+skills,rag2_skills,True,covariance,chathls_covariance,233415,,69911,4,8,40998,6345,,34383,128,26,31186,5334,,33454,128,28,36775,True,6345,,34383,128,26,31186,/scratch/hpc-prf-llmfpga/asa582/projects/c2hls/artifacts/pc2/batch_parallel_chathls_fd_ds_rag2_20260719_095037_ds_ctrl
batch_parallel_chathls_fd_ds_rag2_20260719_095037_ds_ctrl,c2hls-control,DeepSeek,RAG2+skills,rag2_skills,True,gemm,chathls_gemm,2871462,,30788,12,4,21949,16414,,5392,13,13,4108,16342,,5782,16,20,4946,True,16414,,5392,13,13,4108,/scratch/hpc-prf-llmfpga/asa582/projects/c2hls/artifacts/pc2/batch_parallel_chathls_fd_ds_rag2_20260719_095037_ds_ctrl
batch_parallel_chathls_fd_ds_rag2_20260719_095037_ds_ctrl,c2hls-control,DeepSeek,RAG2+skills,rag2_skills,True,gemm_blocked,chathls_gemm_blocked,901125,,40482,22,30,23882,1319077,,12004,8,90,15351,1847460,,12675,8,170,16840,True,1319077,,12004,8,90,15351,/scratch/hpc-prf-llmfpga/asa582/projects/c2hls/artifacts/pc2/batch_parallel_chathls_fd_ds_rag2_20260719_095037_ds_ctrl
batch_parallel_chathls_fd_ds_rag2_20260719_095037_ds_ctrl,c2hls-control,DeepSeek,RAG2+skills,rag2_skills,True,gemm_ncubed,chathls_gemm_ncubed,295512,,152198,11,30,60410,46296,,117733,704,122,133911,46293,,104540,704,154,135078,True,46296,,117733,704,122,133911,/scratch/hpc-prf-llmfpga/asa582/projects/c2hls/artifacts/pc2/batch_parallel_chathls_fd_ds_rag2_20260719_095037_ds_ctrl
batch_parallel_chathls_fd_ds_rag2_20260719_095037_ds_ctrl,c2hls-control,DeepSeek,RAG2+skills,rag2_skills,True,gesummv,chathls_gesummv,1499,,10272,8,4,11651,1148,,16922,248,76,27892,1149,,17730,248,20,26823,True,1148,,16922,248,76,27892,/scratch/hpc-prf-llmfpga/asa582/projects/c2hls/artifacts/pc2/batch_parallel_chathls_fd_ds_rag2_20260719_095037_ds_ctrl
batch_parallel_chathls_fd_ds_rag2_20260719_095037_ds_ctrl,c2hls-control,DeepSeek,RAG2+skills,rag2_skills,True,matmul,chathls_matmul,34963,,78416,3,30,28613,1309,,22934,96,90,58377,6300,,13428,24,110,17850,True,1309,,22934,96,90,58377,/scratch/hpc-prf-llmfpga/asa582/projects/c2hls/artifacts/pc2/batch_parallel_chathls_fd_ds_rag2_20260719_095037_ds_ctrl
batch_parallel_chathls_fd_ds_rag2_20260719_095037_ds_ctrl,c2hls-control,DeepSeek,RAG2+skills,rag2_skills,True,mvt,chathls_mvt,14327,,56806,8,16,25208,1876,,52246,320,80,100683,,,,,,,False,1876,,52246,320,80,100683,/scratch/hpc-prf-llmfpga/asa582/projects/c2hls/artifacts/pc2/batch_parallel_chathls_fd_ds_rag2_20260719_095037_ds_ctrl
batch_parallel_chathls_fd_ds_rag2_20260719_095037_ds_ctrl,c2hls-control,DeepSeek,RAG2+skills,rag2_skills,True,symm,chathls_kernel_symm,37430401,,24552,19,4,58192,66528001,,10503,8,12,8182,,,,,,,False,66528001,,10503,8,12,8182,/scratch/hpc-prf-llmfpga/asa582/projects/c2hls/artifacts/pc2/batch_parallel_chathls_fd_ds_rag2_20260719_095037_ds_ctrl
batch_parallel_chathls_fd_ds_rag2_20260719_095037_ds_ctrl,c2hls-control,DeepSeek,RAG2+skills,rag2_skills,True,syr2k,chathls_kernel_syr2k,1952641,,4588,11,4,4919,1363675,,13706,11,62,14750,,,,,,,False,1363675,,13706,11,62,14750,/scratch/hpc-prf-llmfpga/asa582/projects/c2hls/artifacts/pc2/batch_parallel_chathls_fd_ds_rag2_20260719_095037_ds_ctrl
batch_parallel_chathls_fd_ds_rag2_20260719_095037_ds_ctrl,c2hls-control,DeepSeek,RAG2+skills,rag2_skills,True,syrk,chathls_kernel_syrk,1183841,,4349,11,4,4252,1362955,,10569,8,46,11219,,,,,,,False,1362955,,10569,8,46,11219,/scratch/hpc-prf-llmfpga/asa582/projects/c2hls/artifacts/pc2/batch_parallel_chathls_fd_ds_rag2_20260719_095037_ds_ctrl
batch_parallel_hlsfactory_ds_rag2_20260718_100518,c2hls-hlsfactory-port,DeepSeek,RAG2+skills,rag2_skills,True,covariance,hlsfactory_covariance,233415,64703715,69911,4,8,40998,599039,,21426,11,122,23527,,,,,,,False,599039,,21426,11,122,23527,/scratch/hpc-prf-llmfpga/asa582/projects/c2hls/artifacts/pc2/batch_parallel_hlsfactory_ds_rag2_20260718_100518
batch_parallel_hlsfactory_ds_rag2_20260718_100518,c2hls-hlsfactory-port,DeepSeek,RAG2+skills,rag2_skills,True,doitgen,hlsfactory_doitgen,318477,316890,33317,331,24,50081,2014153,,7031,11,84,8967,,,,,,,False,2014153,,7031,11,84,8967,/scratch/hpc-prf-llmfpga/asa582/projects/c2hls/artifacts/pc2/batch_parallel_hlsfactory_ds_rag2_20260718_100518
batch_parallel_hlsfactory_ds_rag2_20260718_100518,c2hls-hlsfactory-port,DeepSeek,RAG2+skills,rag2_skills,True,durbin,hlsfactory_durbin,123546,174651,7269,11,10,5640,78207,,7303,11,8,5968,43871,,10381,14,68,13769,True,78207,,7303,11,8,5968,/scratch/hpc-prf-llmfpga/asa582/projects/c2hls/artifacts/pc2/batch_parallel_hlsfactory_ds_rag2_20260718_100518
batch_parallel_hlsfactory_ds_rag2_20260718_100518,c2hls-hlsfactory-port,DeepSeek,RAG2+skills,rag2_skills,True,floyd-warshall,hlsfactory_floyd-warshall,833976005,921456043,2496,2,2,1512,6156515,,3868,2,136,2960,,,,,,,False,6156515,,3868,2,136,2960,/scratch/hpc-prf-llmfpga/asa582/projects/c2hls/artifacts/pc2/batch_parallel_hlsfactory_ds_rag2_20260718_100518
batch_parallel_hlsfactory_ds_rag2_20260718_100518,c2hls-hlsfactory-port,DeepSeek,RAG2+skills,rag2_skills,True,gemm,hlsfactory_gemm,2871462,57562592,30788,12,4,21949,96373,,13129,52,46,14431,96320,,12451,52,46,16715,True,96373,,13129,52,46,14431,/scratch/hpc-prf-llmfpga/asa582/projects/c2hls/artifacts/pc2/batch_parallel_hlsfactory_ds_rag2_20260718_100518
batch_parallel_hlsfactory_ds_rag2_20260718_100518,c2hls-hlsfactory-port,DeepSeek,RAG2+skills,rag2_skills,True,gemver,hlsfactory_gemver,2547303,2763356,47979,11,244,60862,158742,,34618,22,342,48918,,,,,,,False,158742,,34618,22,342,48918,/scratch/hpc-prf-llmfpga/asa582/projects/c2hls/artifacts/pc2/batch_parallel_hlsfactory_ds_rag2_20260718_100518
batch_parallel_hlsfactory_ds_rag2_20260718_100518,c2hls-hlsfactory-port,DeepSeek,RAG2+skills,rag2_skills,True,lu,hlsfactory_lu,134372041,96883182,6310,11,4,4377,3925833,,8094,11,30,8278,,,,,,,False,3925833,,8094,11,30,8278,/scratch/hpc-prf-llmfpga/asa582/projects/c2hls/artifacts/pc2/batch_parallel_hlsfactory_ds_rag2_20260718_100518
batch_parallel_hlsfactory_ds_rag2_20260718_100518,c2hls-hlsfactory-port,DeepSeek,RAG2+skills,rag2_skills,True,ludcmp,hlsfactory_ludcmp,10039394,9255625,13114,11,42,13671,,,30335,11,184,74072,,,,,,,False,,,30335,11,184,74072,/scratch/hpc-prf-llmfpga/asa582/projects/c2hls/artifacts/pc2/batch_parallel_hlsfactory_ds_rag2_20260718_100518
batch_parallel_hlsfactory_ds_rag2_20260718_100518,c2hls-hlsfactory-port,DeepSeek,RAG2+skills,rag2_skills,True,syrk,hlsfactory_syrk,1183841,33658995,4349,11,4,4252,408020,,7432,19,52,6571,,,,,,,False,408020,,7432,19,52,6571,/scratch/hpc-prf-llmfpga/asa582/projects/c2hls/artifacts/pc2/batch_parallel_hlsfactory_ds_rag2_20260718_100518
batch_parallel_hlsfactory_ds_rag2_20260718_100518,c2hls-hlsfactory-port,DeepSeek,RAG2+skills,rag2_skills,True,trisolv,hlsfactory_trisolv,89232,1240263,8352,11,38,9524,110911,,15081,11,90,45863,146310,,39025,11,218,79551,True,110911,,15081,11,90,45863,/scratch/hpc-prf-llmfpga/asa582/projects/c2hls/artifacts/pc2/batch_parallel_hlsfactory_ds_rag2_20260718_100518
batch_parallel_hlsfactory_ds_rag2_20260718_100518,c2hls-hlsfactory-port,DeepSeek,RAG2+skills,rag2_skills,True,trmm,hlsfactory_trmm,22593601,24424866,6023,11,8,4596,1872048,,5637,11,96,4606,,,,,,,False,1872048,,5637,11,96,4606,/scratch/hpc-prf-llmfpga/asa582/projects/c2hls/artifacts/pc2/batch_parallel_hlsfactory_ds_rag2_20260718_100518
batch_parallel_chathls_fd_ds_rag2_lat_20260719_095037_ds_lat,c2hls-latency-opt,DeepSeek,RAG2+skills,rag2_skills,True,2mm,chathls_kernel_2mm,25296077,,38403,20,8,26447,53034,,128032,771,132,160428,,,,,,,False,53034,,128032,771,132,160428,/scratch/hpc-prf-llmfpga/asa582/projects/c2hls/artifacts/pc2/batch_parallel_chathls_fd_ds_rag2_lat_20260719_095037_ds_lat
batch_parallel_chathls_fd_ds_rag2_lat_20260719_095037_ds_lat,c2hls-latency-opt,DeepSeek,RAG2+skills,rag2_skills,True,3mm,chathls_kernel_3mm,45441119,,361516,14,30,125211,2109291,,19247,30,118,20639,,,,,,,False,2109291,,19247,30,118,20639,/scratch/hpc-prf-llmfpga/asa582/projects/c2hls/artifacts/pc2/batch_parallel_chathls_fd_ds_rag2_lat_20260719_095037_ds_lat
batch_parallel_chathls_fd_ds_rag2_lat_20260719_095037_ds_lat,c2hls-latency-opt,DeepSeek,RAG2+skills,rag2_skills,True,atax,chathls_atax,236250,,25208,8,4,26830,1868,,20663,337,54,38665,,,,,,,False,1868,,20663,337,54,38665,/scratch/hpc-prf-llmfpga/asa582/projects/c2hls/artifacts/pc2/batch_parallel_chathls_fd_ds_rag2_lat_20260719_095037_ds_lat
batch_parallel_chathls_fd_ds_rag2_lat_20260719_095037_ds_lat,c2hls-latency-opt,DeepSeek,RAG2+skills,rag2_skills,True,bicg,chathls_bicg,234516,,23798,12,4,24382,3893,,11274,9,24,14917,3890,,18370,9,28,36344,True,3893,,11274,9,24,14917,/scratch/hpc-prf-llmfpga/asa582/projects/c2hls/artifacts/pc2/batch_parallel_chathls_fd_ds_rag2_lat_20260719_095037_ds_lat
batch_parallel_chathls_fd_ds_rag2_lat_20260719_095037_ds_lat,c2hls-latency-opt,DeepSeek,RAG2+skills,rag2_skills,True,covariance,chathls_covariance,233415,,69911,4,8,40998,43620,,14288,4,32,14479,42805,,18323,4,36,21171,True,43620,,14288,4,32,14479,/scratch/hpc-prf-llmfpga/asa582/projects/c2hls/artifacts/pc2/batch_parallel_chathls_fd_ds_rag2_lat_20260719_095037_ds_lat
batch_parallel_chathls_fd_ds_rag2_lat_20260719_095037_ds_lat,c2hls-latency-opt,DeepSeek,RAG2+skills,rag2_skills,True,gemm,chathls_gemm,2871462,,30788,12,4,21949,2774,,29616,334,10,34424,,,,,,,False,2774,,29616,334,10,34424,/scratch/hpc-prf-llmfpga/asa582/projects/c2hls/artifacts/pc2/batch_parallel_chathls_fd_ds_rag2_lat_20260719_095037_ds_lat
batch_parallel_chathls_fd_ds_rag2_lat_20260719_095037_ds_lat,c2hls-latency-opt,DeepSeek,RAG2+skills,rag2_skills,True,gemm_blocked,chathls_gemm_blocked,901125,,40482,22,30,23882,172201,,15877,16,138,19261,172129,,14927,16,186,19990,True,172201,,15877,16,138,19261,/scratch/hpc-prf-llmfpga/asa582/projects/c2hls/artifacts/pc2/batch_parallel_chathls_fd_ds_rag2_lat_20260719_095037_ds_lat
batch_parallel_chathls_fd_ds_rag2_lat_20260719_095037_ds_lat,c2hls-latency-opt,DeepSeek,RAG2+skills,rag2_skills,True,gemm_ncubed,chathls_gemm_ncubed,295512,,152198,11,30,60410,46296,,117733,704,122,133911,544920,,14656,11,218,17893,True,46296,,117733,704,122,133911,/scratch/hpc-prf-llmfpga/asa582/projects/c2hls/artifacts/pc2/batch_parallel_chathls_fd_ds_rag2_lat_20260719_095037_ds_lat
batch_parallel_chathls_fd_ds_rag2_lat_20260719_095037_ds_lat,c2hls-latency-opt,DeepSeek,RAG2+skills,rag2_skills,True,gesummv,chathls_gesummv,1499,,10272,8,4,11651,1148,,16898,248,76,27883,1356,,12996,32,28,14727,True,1148,,16898,248,76,27883,/scratch/hpc-prf-llmfpga/asa582/projects/c2hls/artifacts/pc2/batch_parallel_chathls_fd_ds_rag2_lat_20260719_095037_ds_lat
batch_parallel_chathls_fd_ds_rag2_lat_20260719_095037_ds_lat,c2hls-latency-opt,DeepSeek,RAG2+skills,rag2_skills,True,matmul,chathls_matmul,34963,,78416,3,30,28613,3767,,20723,96,94,25074,3765,,18517,96,98,25783,True,3767,,20723,96,94,25074,/scratch/hpc-prf-llmfpga/asa582/projects/c2hls/artifacts/pc2/batch_parallel_chathls_fd_ds_rag2_lat_20260719_095037_ds_lat
batch_parallel_chathls_fd_ds_rag2_lat_20260719_095037_ds_lat,c2hls-latency-opt,DeepSeek,RAG2+skills,rag2_skills,True,mobilenet,chathls_mobilenet,,,159052,712,269,77062,1555848,,60320,318,37776**,27071,,,,,,,False,1555848,,60320,318,37776**,27071,/scratch/hpc-prf-llmfpga/asa582/projects/c2hls/artifacts/pc2/batch_parallel_chathls_fd_ds_rag2_lat_20260719_095037_ds_lat
batch_parallel_chathls_fd_ds_rag2_lat_20260719_095037_ds_lat,c2hls-latency-opt,DeepSeek,RAG2+skills,rag2_skills,True,mvt,chathls_mvt,14327,,56806,8,16,25208,5007,,12999,4,84,15427,,,,,,,False,5007,,12999,4,84,15427,/scratch/hpc-prf-llmfpga/asa582/projects/c2hls/artifacts/pc2/batch_parallel_chathls_fd_ds_rag2_lat_20260719_095037_ds_lat
batch_parallel_chathls_fd_ds_rag2_lat_20260719_095037_ds_lat,c2hls-latency-opt,DeepSeek,RAG2+skills,rag2_skills,True,symm,chathls_kernel_symm,37430401,,24552,19,4,58192,60272,,145986,450,76,488176,,,,,,,False,60272,,145986,450,76,488176,/scratch/hpc-prf-llmfpga/asa582/projects/c2hls/artifacts/pc2/batch_parallel_chathls_fd_ds_rag2_lat_20260719_095037_ds_lat
batch_parallel_chathls_fd_ds_rag2_lat_20260719_095037_ds_lat,c2hls-latency-opt,DeepSeek,RAG2+skills,rag2_skills,True,syr2k,chathls_kernel_syr2k,1952641,,4588,11,4,4919,979993,,12732,11,158,14360,,,,,,,False,979993,,12732,11,158,14360,/scratch/hpc-prf-llmfpga/asa582/projects/c2hls/artifacts/pc2/batch_parallel_chathls_fd_ds_rag2_lat_20260719_095037_ds_lat
batch_parallel_chathls_fd_ds_rag2_lat_20260719_095037_ds_lat,c2hls-latency-opt,DeepSeek,RAG2+skills,rag2_skills,True,syrk,chathls_kernel_syrk,1183841,,4349,11,4,4252,979354,,9889,8,110,10772,,,,,,,False,979354,,9889,8,110,10772,/scratch/hpc-prf-llmfpga/asa582/projects/c2hls/artifacts/pc2/batch_parallel_chathls_fd_ds_rag2_lat_20260719_095037_ds_lat
batch_parallel_chathls_fd_ds_rag2_lat_20260719_095037_ds_lat,c2hls-latency-opt,DeepSeek,RAG2+skills,rag2_skills,True,transformer,chathls_transformer,73953,,155807,302,67,183025,26587,,155160,282,283,208059,26584,,152640,282,292,210235,True,26587,,155160,282,283,208059,/scratch/hpc-prf-llmfpga/asa582/projects/c2hls/artifacts/pc2/batch_parallel_chathls_fd_ds_rag2_lat_20260719_095037_ds_lat
batch_parallel_machsuite_ds_rag2_20260718_100518,c2hls-machsuite-port,DeepSeek,RAG2+skills,rag2_skills,True,aes_tableless,machsuite_aes_tableless,146890,,105752,0,16,34707,13041,,12224,,24,7841,,,,,,,False,13041,,12224,,24,7841,/scratch/hpc-prf-llmfpga/asa582/projects/c2hls/artifacts/pc2/batch_parallel_machsuite_ds_rag2_20260718_100518
batch_parallel_machsuite_ds_rag2_20260718_100518,c2hls-machsuite-port,DeepSeek,RAG2+skills,rag2_skills,True,backprop,machsuite_backprop,279873283,,196108,562,32,168384,3986195,,143724,753,260,212010,3984803,,142868,738,294,209616,True,3986195,,143724,753,260,212010,/scratch/hpc-prf-llmfpga/asa582/projects/c2hls/artifacts/pc2/batch_parallel_machsuite_ds_rag2_20260718_100518
batch_parallel_machsuite_ds_rag2_20260718_100518,c2hls-machsuite-port,DeepSeek,RAG2+skills,rag2_skills,True,bfs_bulk,machsuite_bfs_bulk,14652591,,7661,0,8,4011,115040,,38742,,96,32325,115905,,50488,,118,37734,True,115040,,38742,,96,32325,/scratch/hpc-prf-llmfpga/asa582/projects/c2hls/artifacts/pc2/batch_parallel_machsuite_ds_rag2_20260718_100518
batch_parallel_machsuite_ds_rag2_20260718_100518,c2hls-machsuite-port,DeepSeek,RAG2+skills,rag2_skills,True,bfs_queue,machsuite_bfs_queue,4406344,,8130,0,10,4274,71960,,12478,,76,13510,,,,,,,False,71960,,12478,,76,13510,/scratch/hpc-prf-llmfpga/asa582/projects/c2hls/artifacts/pc2/batch_parallel_machsuite_ds_rag2_20260718_100518
batch_parallel_machsuite_ds_rag2_20260718_100518,c2hls-machsuite-port,DeepSeek,RAG2+skills,rag2_skills,True,fft_transpose,machsuite_fft_transpose,26433,,61297,318,46,84068,2092,,199933,1906,60,310922,,,,,,,False,2092,,199933,1906,60,310922,/scratch/hpc-prf-llmfpga/asa582/projects/c2hls/artifacts/pc2/batch_parallel_machsuite_ds_rag2_20260718_100518
batch_parallel_machsuite_ds_rag2_20260718_100518,c2hls-machsuite-port,DeepSeek,RAG2+skills,rag2_skills,True,gemm_ncubed,machsuite_gemm_ncubed,295512,,152198,11,30,60410,10571928,,14974,8,138,16778,10571925,,14135,8,90,17429,True,10571928,,14974,8,138,16778,/scratch/hpc-prf-llmfpga/asa582/projects/c2hls/artifacts/pc2/batch_parallel_machsuite_ds_rag2_20260718_100518
batch_parallel_machsuite_ds_rag2_20260718_100518,c2hls-machsuite-port,DeepSeek,RAG2+skills,rag2_skills,True,md_knn,machsuite_md_knn,13748,,126733,41,30,60210,58257,,26850,30,216,36629,25108,,26480,30,238,37980,True,58257,,26850,30,216,36629,/scratch/hpc-prf-llmfpga/asa582/projects/c2hls/artifacts/pc2/batch_parallel_machsuite_ds_rag2_20260718_100518
batch_parallel_machsuite_ds_rag2_20260718_100518,c2hls-machsuite-port,DeepSeek,RAG2+skills,rag2_skills,True,sort_merge,machsuite_sort_merge,48705559,,4270,,6,2393,34810029,,6049,,38,6389,,,,,,,False,34810029,,6049,,38,6389,/scratch/hpc-prf-llmfpga/asa582/projects/c2hls/artifacts/pc2/batch_parallel_machsuite_ds_rag2_20260718_100518
batch_parallel_machsuite_ds_rag2_20260718_100518,c2hls-machsuite-port,DeepSeek,RAG2+skills,rag2_skills,True,spmv_ellpack,machsuite_spmv_ellpack,270219,,14335,11,8,8703,6172,,16267,110,420,22661,98878,,8803,8,120,10846,True,6172,,16267,110,420,22661,/scratch/hpc-prf-llmfpga/asa582/projects/c2hls/artifacts/pc2/batch_parallel_machsuite_ds_rag2_20260718_100518
batch_parallel_machsuite_ds_rag2_20260718_100518,c2hls-machsuite-port,DeepSeek,RAG2+skills,rag2_skills,True,stencil2D,machsuite_stencil2D,140762,,7706,3,4,6501,21338,,12715,84,66,15173,21327,,12700,84,144,16512,True,21338,,12715,84,66,15173,/scratch/hpc-prf-llmfpga/asa582/projects/c2hls/artifacts/pc2/batch_parallel_machsuite_ds_rag2_20260718_100518
batch_parallel_machsuite_ds_rag2_20260718_100518,c2hls-machsuite-port,DeepSeek,RAG2+skills,rag2_skills,True,stencil3D,machsuite_stencil3D,90919,,32316,3,30,15346,47478,,17535,10,100,14978,47465,,17096,10,136,15620,True,47478,,17535,10,100,14978,/scratch/hpc-prf-llmfpga/asa582/projects/c2hls/artifacts/pc2/batch_parallel_machsuite_ds_rag2_20260718_100518
batch_parallel_machsuite_ds_rag2_20260718_100518,c2hls-machsuite-port,DeepSeek,RAG2+skills,rag2_skills,True,viterbi,machsuite_viterbi,636989,,348625,21,240,141196,881909,,87216,67,222,62846,,,,,,,False,881909,,87216,67,222,62846,/scratch/hpc-prf-llmfpga/asa582/projects/c2hls/artifacts/pc2/batch_parallel_machsuite_ds_rag2_20260718_100518
batch_parallel_machsuite_fd_20260710_machsuite_flash_dataflow,c2hls-machsuite-port,Devstral,base/unknown,,True,aes_tableless,machsuite_aes_tableless,146890,171630,105752,0,16,34707,23048,,82900,,40,40720,,,,,,,False,23048,,82900,,40,40720,/scratch/hpc-prf-llmfpga/asa582/projects/c2hls/artifacts/pc2/batch_parallel_machsuite_fd_20260710_machsuite_flash_dataflow
batch_parallel_machsuite_fd_20260710_machsuite_flash_dataflow,c2hls-machsuite-port,Devstral,base/unknown,,True,bfs_bulk,machsuite_bfs_bulk,14652591,5401087,7661,0,8,4011,214782,,12851,,100,15792,213164,,12348,,107,16730,True,214782,,12851,,100,15792,/scratch/hpc-prf-llmfpga/asa582/projects/c2hls/artifacts/pc2/batch_parallel_machsuite_fd_20260710_machsuite_flash_dataflow
batch_parallel_machsuite_fd_20260710_machsuite_flash_dataflow,c2hls-machsuite-port,Devstral,base/unknown,,True,bfs_queue,machsuite_bfs_queue,4406344,8052263,8130,0,10,4274,66072,,13318,,104,15690,66128,,12841,,107,16758,True,66072,,13318,,104,15690,/scratch/hpc-prf-llmfpga/asa582/projects/c2hls/artifacts/pc2/batch_parallel_machsuite_fd_20260710_machsuite_flash_dataflow
batch_parallel_machsuite_fd_20260710_machsuite_flash_dataflow,c2hls-machsuite-port,Devstral,base/unknown,,True,fft_transpose,machsuite_fft_transpose,26433,19819,61297,318,46,84068,21918,,66642,342,46,82515,,,,,,,False,21918,,66642,342,46,82515,/scratch/hpc-prf-llmfpga/asa582/projects/c2hls/artifacts/pc2/batch_parallel_machsuite_fd_20260710_machsuite_flash_dataflow
batch_parallel_machsuite_fd_20260710_machsuite_flash_dataflow,c2hls-machsuite-port,Devstral,base/unknown,,True,gemm_ncubed,machsuite_gemm_ncubed,295512,1309104,152198,11,30,60410,35672,,72060,704,90,88764,48087,,62256,704,250,101640,True,35672,,72060,704,90,88764,/scratch/hpc-prf-llmfpga/asa582/projects/c2hls/artifacts/pc2/batch_parallel_machsuite_fd_20260710_machsuite_flash_dataflow
batch_parallel_machsuite_fd_20260710_machsuite_flash_dataflow,c2hls-machsuite-port,Devstral,base/unknown,,True,md_knn,machsuite_md_knn,13748,59495,126733,41,30,60210,4675,,149247,1840,336,195873,7059,,43520,208,232,83385,True,4675,,149247,1840,336,195873,/scratch/hpc-prf-llmfpga/asa582/projects/c2hls/artifacts/pc2/batch_parallel_machsuite_fd_20260710_machsuite_flash_dataflow
batch_parallel_machsuite_fd_20260710_machsuite_flash_dataflow,c2hls-machsuite-port,Devstral,base/unknown,,True,sort_radix,machsuite_sort_radix,19274417,20745785,258439,0,30,85276,18557825,,268129,,120,95291,,,,,,,False,18557825,,268129,,120,95291,/scratch/hpc-prf-llmfpga/asa582/projects/c2hls/artifacts/pc2/batch_parallel_machsuite_fd_20260710_machsuite_flash_dataflow
batch_parallel_machsuite_fd_20260710_machsuite_flash_dataflow,c2hls-machsuite-port,Devstral,base/unknown,,True,spmv_ellpack,machsuite_spmv_ellpack,270219,281165,14335,11,8,8703,12295,,17263,110,396,17986,8073,,9519,22,128,14105,True,12295,,17263,110,396,17986,/scratch/hpc-prf-llmfpga/asa582/projects/c2hls/artifacts/pc2/batch_parallel_machsuite_fd_20260710_machsuite_flash_dataflow
batch_parallel_machsuite_fd_20260710_machsuite_flash_dataflow,c2hls-machsuite-port,Devstral,base/unknown,,True,stencil2D,machsuite_stencil2D,140762,624186,7706,3,4,6501,37078,,8734,27,36,9874,,,,,,,False,37078,,8734,27,36,9874,/scratch/hpc-prf-llmfpga/asa582/projects/c2hls/artifacts/pc2/batch_parallel_machsuite_fd_20260710_machsuite_flash_dataflow
batch_parallel_machsuite_fd_20260710_machsuite_flash_dataflow,c2hls-machsuite-port,Devstral,base/unknown,,True,stencil3D,machsuite_stencil3D,90919,401310,32316,3,30,15346,47472,,16729,10,150,14691,47464,,15994,10,236,15403,True,47472,,16729,10,150,14691,/scratch/hpc-prf-llmfpga/asa582/projects/c2hls/artifacts/pc2/batch_parallel_machsuite_fd_20260710_machsuite_flash_dataflow
batch_parallel_chathls_fd_ds_rag2_xfmr_20260720_070124,c2hls-transformer,DeepSeek,RAG2+skills,,True,transformer,chathls_transformer,73953,,155807,302,67,183025,9702,,1050105,12544**,281,1421457,,,,,,,,9702,,1050105,12544**,281,1421457,/scratch/hpc-prf-llmfpga/asa582/projects/c2hls/artifacts/pc2/batch_parallel_chathls_fd_ds_rag2_xfmr_20260720_070124
hybrid-u280-c2hlsport-20260719-090238,chathls-c2hlsport,DeepSeek,ChatHLS on c2hls-port benches,c2hlsport-u280,True,2mm,kernel_2mm,25296077,,38403,20,8,26447,,,,,,,,,,,,,,7582,,377562,1116,0,2065729,/scratch/hpc-prf-llmfpga/asa582/projects/test-chathls/ChatHLS-ACL-26/artifacts/pc2/sessions/hybrid-u280-c2hlsport-20260719-090238
hybrid-u280-c2hlsport-20260719-090238,chathls-c2hlsport,DeepSeek,ChatHLS on c2hls-port benches,c2hlsport-u280,True,3mm,kernel_3mm,45441119,,361516,14,30,125211,,,,,,,,,,,,,,9033,,747899,2640,0,3511829**,/scratch/hpc-prf-llmfpga/asa582/projects/test-chathls/ChatHLS-ACL-26/artifacts/pc2/sessions/hybrid-u280-c2hlsport-20260719-090238
hybrid-u280-c2hlsport-20260719-090238,chathls-c2hlsport,DeepSeek,ChatHLS on c2hls-port benches,c2hlsport-u280,True,aes_table,aes256_encrypt_ecb,134242,,351304,0,16,124371,,,,,,,,,,,,,,,,,,,,/scratch/hpc-prf-llmfpga/asa582/projects/test-chathls/ChatHLS-ACL-26/artifacts/pc2/sessions/hybrid-u280-c2hlsport-20260719-090238
hybrid-u280-c2hlsport-20260719-090238,chathls-c2hlsport,DeepSeek,ChatHLS on c2hls-port benches,c2hlsport-u280,True,aes_tableless,aes256_encrypt_ecb,146890,,105752,0,16,34707,,,,,,,,,,,,,,,,,,,,/scratch/hpc-prf-llmfpga/asa582/projects/test-chathls/ChatHLS-ACL-26/artifacts/pc2/sessions/hybrid-u280-c2hlsport-20260719-090238
hybrid-u280-c2hlsport-20260719-090238,chathls-c2hlsport,DeepSeek,ChatHLS on c2hls-port benches,c2hlsport-u280,True,atax,kernel_atax,236250,,25208,8,4,26830,,,,,,,,,,,,,,8372,,22102,44,0,74538,/scratch/hpc-prf-llmfpga/asa582/projects/test-chathls/ChatHLS-ACL-26/artifacts/pc2/sessions/hybrid-u280-c2hlsport-20260719-090238
hybrid-u280-c2hlsport-20260719-090238,chathls-c2hlsport,DeepSeek,ChatHLS on c2hls-port benches,c2hlsport-u280,True,backprop,backprop,279873283,,196108,562,32,168384,,,,,,,,,,,,,,,,,,,,/scratch/hpc-prf-llmfpga/asa582/projects/test-chathls/ChatHLS-ACL-26/artifacts/pc2/sessions/hybrid-u280-c2hlsport-20260719-090238
hybrid-u280-c2hlsport-20260719-090238,chathls-c2hlsport,DeepSeek,ChatHLS on c2hls-port benches,c2hlsport-u280,True,bfs_queue,bfs,4406344,,8130,0,10,4274,,,,,,,,,,,,,,61697,,1069,0,0,415,/scratch/hpc-prf-llmfpga/asa582/projects/test-chathls/ChatHLS-ACL-26/artifacts/pc2/sessions/hybrid-u280-c2hlsport-20260719-090238
hybrid-u280-c2hlsport-20260719-090238,chathls-c2hlsport,DeepSeek,ChatHLS on c2hls-port benches,c2hlsport-u280,True,bicg,kernel_bicg,234516,,23798,12,4,24382,,,,,,,,,,,,,,8253,,17891,44,0,59288,/scratch/hpc-prf-llmfpga/asa582/projects/test-chathls/ChatHLS-ACL-26/artifacts/pc2/sessions/hybrid-u280-c2hlsport-20260719-090238
hybrid-u280-c2hlsport-20260719-090238,chathls-c2hlsport,DeepSeek,ChatHLS on c2hls-port benches,c2hlsport-u280,True,cholesky,kernel_cholesky,,,,,,,,,,,,,,,,,,,,2517721,,5139,11,0,4301,/scratch/hpc-prf-llmfpga/asa582/projects/test-chathls/ChatHLS-ACL-26/artifacts/pc2/sessions/hybrid-u280-c2hlsport-20260719-090238
hybrid-u280-c2hlsport-20260719-090238,chathls-c2hlsport,DeepSeek,ChatHLS on c2hls-port benches,c2hlsport-u280,True,correlation,kernel_correlation,,,,,,,,,,,,,,,,,,,,2592310,,22538,28,0,40348,/scratch/hpc-prf-llmfpga/asa582/projects/test-chathls/ChatHLS-ACL-26/artifacts/pc2/sessions/hybrid-u280-c2hlsport-20260719-090238
hybrid-u280-c2hlsport-20260719-090238,chathls-c2hlsport,DeepSeek,ChatHLS on c2hls-port benches,c2hlsport-u280,True,covariance,kernel_covariance,233415,,69911,4,8,40998,,,,,,,,,,,,,,2717952,,18782,25,0,39562,/scratch/hpc-prf-llmfpga/asa582/projects/test-chathls/ChatHLS-ACL-26/artifacts/pc2/sessions/hybrid-u280-c2hlsport-20260719-090238
hybrid-u280-c2hlsport-20260719-090238,chathls-c2hlsport,DeepSeek,ChatHLS on c2hls-port benches,c2hlsport-u280,True,doitgen,kernel_doitgen,318477,,33317,331,24,50081,,,,,,,,,,,,,,486,,19219,138,0,18482,/scratch/hpc-prf-llmfpga/asa582/projects/test-chathls/ChatHLS-ACL-26/artifacts/pc2/sessions/hybrid-u280-c2hlsport-20260719-090238
hybrid-u280-c2hlsport-20260719-090238,chathls-c2hlsport,DeepSeek,ChatHLS on c2hls-port benches,c2hlsport-u280,True,durbin,kernel_durbin,123546,,7269,11,10,5640,,,,,,,,,,,,,,61050,,2706,19,2,3274,/scratch/hpc-prf-llmfpga/asa582/projects/test-chathls/ChatHLS-ACL-26/artifacts/pc2/sessions/hybrid-u280-c2hlsport-20260719-090238
hybrid-u280-c2hlsport-20260719-090238,chathls-c2hlsport,DeepSeek,ChatHLS on c2hls-port benches,c2hlsport-u280,True,fdtd-2d,kernel_fdtd_2d,,,,,,,,,,,,,,,,,,,,647841,,5106,20,0,6664,/scratch/hpc-prf-llmfpga/asa582/projects/test-chathls/ChatHLS-ACL-26/artifacts/pc2/sessions/hybrid-u280-c2hlsport-20260719-090238
hybrid-u280-c2hlsport-20260719-090238,chathls-c2hlsport,DeepSeek,ChatHLS on c2hls-port benches,c2hlsport-u280,True,fft_transpose,fft1D_512,26433,,61297,318,46,84068,,,,,,,,,,,,,,,,,,,,/scratch/hpc-prf-llmfpga/asa582/projects/test-chathls/ChatHLS-ACL-26/artifacts/pc2/sessions/hybrid-u280-c2hlsport-20260719-090238
hybrid-u280-c2hlsport-20260719-090238,chathls-c2hlsport,DeepSeek,ChatHLS on c2hls-port benches,c2hlsport-u280,True,floyd-warshall,kernel_floyd_warshall,833976005,,2496,2,2,1512,,,,,,,,,,,,,,11664005,,711,1,0,367,/scratch/hpc-prf-llmfpga/asa582/projects/test-chathls/ChatHLS-ACL-26/artifacts/pc2/sessions/hybrid-u280-c2hlsport-20260719-090238
hybrid-u280-c2hlsport-20260719-090238,chathls-c2hlsport,DeepSeek,ChatHLS on c2hls-port benches,c2hlsport-u280,True,gemm,kernel_gemm,2871462,,30788,12,4,21949,,,,,,,,,,,,,,342901,,1586,20,0,2514,/scratch/hpc-prf-llmfpga/asa582/projects/test-chathls/ChatHLS-ACL-26/artifacts/pc2/sessions/hybrid-u280-c2hlsport-20260719-090238
hybrid-u280-c2hlsport-20260719-090238,chathls-c2hlsport,DeepSeek,ChatHLS on c2hls-port benches,c2hlsport-u280,True,gemm_blocked,bbgemm,901125,,40482,22,30,23882,,,,,,,,,,,,,,2097166,,1580,11,0,1747,/scratch/hpc-prf-llmfpga/asa582/projects/test-chathls/ChatHLS-ACL-26/artifacts/pc2/sessions/hybrid-u280-c2hlsport-20260719-090238
hybrid-u280-c2hlsport-20260719-090238,chathls-c2hlsport,DeepSeek,ChatHLS on c2hls-port benches,c2hlsport-u280,True,gemm_ncubed,gemm,295512,,152198,11,30,60410,,,,,,,,,,,,,,4627,,294192,1408,0,1250964,/scratch/hpc-prf-llmfpga/asa582/projects/test-chathls/ChatHLS-ACL-26/artifacts/pc2/sessions/hybrid-u280-c2hlsport-20260719-090238
hybrid-u280-c2hlsport-20260719-090238,chathls-c2hlsport,DeepSeek,ChatHLS on c2hls-port benches,c2hlsport-u280,True,gemver,kernel_gemver,2547303,,47979,11,244,60862,,,,,,,,,,,,,,30916,,33313,38,0,107594,/scratch/hpc-prf-llmfpga/asa582/projects/test-chathls/ChatHLS-ACL-26/artifacts/pc2/sessions/hybrid-u280-c2hlsport-20260719-090238
hybrid-u280-c2hlsport-20260719-090238,chathls-c2hlsport,DeepSeek,ChatHLS on c2hls-port benches,c2hlsport-u280,True,gesummv,kernel_gesummv,1499,,10272,8,4,11651,,,,,,,,,,,,,,4801,,15252,55,0,42083,/scratch/hpc-prf-llmfpga/asa582/projects/test-chathls/ChatHLS-ACL-26/artifacts/pc2/sessions/hybrid-u280-c2hlsport-20260719-090238
hybrid-u280-c2hlsport-20260719-090238,chathls-c2hlsport,DeepSeek,ChatHLS on c2hls-port benches,c2hlsport-u280,True,gramschmidt,kernel_gramschmidt,,,,,,,,,,,,,,,,,,,,1312361,,5459,11,0,6372,/scratch/hpc-prf-llmfpga/asa582/projects/test-chathls/ChatHLS-ACL-26/artifacts/pc2/sessions/hybrid-u280-c2hlsport-20260719-090238
hybrid-u280-c2hlsport-20260719-090238,chathls-c2hlsport,DeepSeek,ChatHLS on c2hls-port benches,c2hlsport-u280,True,heat-3d,kernel_heat_3d,,,,,,,,,,,,,,,,,,,,1871281,,5070,17,0,6360,/scratch/hpc-prf-llmfpga/asa582/projects/test-chathls/ChatHLS-ACL-26/artifacts/pc2/sessions/hybrid-u280-c2hlsport-20260719-090238
hybrid-u280-c2hlsport-20260719-090238,chathls-c2hlsport,DeepSeek,ChatHLS on c2hls-port benches,c2hlsport-u280,True,jacobi-1d,kernel_jacobi_1d,,,,,,,,,,,,,,,,,,,,1406,,77547,0,0,102508,/scratch/hpc-prf-llmfpga/asa582/projects/test-chathls/ChatHLS-ACL-26/artifacts/pc2/sessions/hybrid-u280-c2hlsport-20260719-090238
hybrid-u280-c2hlsport-20260719-090238,chathls-c2hlsport,DeepSeek,ChatHLS on c2hls-port benches,c2hlsport-u280,True,jacobi-2d,kernel_jacobi_2d,,,,,,,,,,,,,,,,,,,,1552841,,5201,17,0,5577,/scratch/hpc-prf-llmfpga/asa582/projects/test-chathls/ChatHLS-ACL-26/artifacts/pc2/sessions/hybrid-u280-c2hlsport-20260719-090238
hybrid-u280-c2hlsport-20260719-090238,chathls-c2hlsport,DeepSeek,ChatHLS on c2hls-port benches,c2hlsport-u280,True,lu,kernel_lu,134372041,,6310,11,4,4377,,,,,,,,,,,,,,10735441,,2633,11,0,2686,/scratch/hpc-prf-llmfpga/asa582/projects/test-chathls/ChatHLS-ACL-26/artifacts/pc2/sessions/hybrid-u280-c2hlsport-20260719-090238
hybrid-u280-c2hlsport-20260719-090238,chathls-c2hlsport,DeepSeek,ChatHLS on c2hls-port benches,c2hlsport-u280,True,ludcmp,kernel_ludcmp,10039394,,13114,11,42,13671,,,,,,,,,,,,,,15563643,,3068,11,0,3193,/scratch/hpc-prf-llmfpga/asa582/projects/test-chathls/ChatHLS-ACL-26/artifacts/pc2/sessions/hybrid-u280-c2hlsport-20260719-090238
hybrid-u280-c2hlsport-20260719-090238,chathls-c2hlsport,DeepSeek,ChatHLS on c2hls-port benches,c2hlsport-u280,True,md_grid,md,,,,,,,,,,,,,,,,,,,,,,,,,,/scratch/hpc-prf-llmfpga/asa582/projects/test-chathls/ChatHLS-ACL-26/artifacts/pc2/sessions/hybrid-u280-c2hlsport-20260719-090238
hybrid-u280-c2hlsport-20260719-090238,chathls-c2hlsport,DeepSeek,ChatHLS on c2hls-port benches,c2hlsport-u280,True,md_knn,md_kernel,13748,,126733,41,30,60210,,,,,,,,,,,,,,,,,,,,/scratch/hpc-prf-llmfpga/asa582/projects/test-chathls/ChatHLS-ACL-26/artifacts/pc2/sessions/hybrid-u280-c2hlsport-20260719-090238
hybrid-u280-c2hlsport-20260719-090238,chathls-c2hlsport,DeepSeek,ChatHLS on c2hls-port benches,c2hlsport-u280,True,mvt,kernel_mvt,14327,,56806,8,16,25208,,,,,,,,,,,,,,16295,,19972,22,0,65601,/scratch/hpc-prf-llmfpga/asa582/projects/test-chathls/ChatHLS-ACL-26/artifacts/pc2/sessions/hybrid-u280-c2hlsport-20260719-090238
hybrid-u280-c2hlsport-20260719-090238,chathls-c2hlsport,DeepSeek,ChatHLS on c2hls-port benches,c2hlsport-u280,True,nussinov,kernel_nussinov,,,,,,,,,,,,,,,,,,,,4502161,,2597,1,0,853,/scratch/hpc-prf-llmfpga/asa582/projects/test-chathls/ChatHLS-ACL-26/artifacts/pc2/sessions/hybrid-u280-c2hlsport-20260719-090238
hybrid-u280-c2hlsport-20260719-090238,chathls-c2hlsport,DeepSeek,ChatHLS on c2hls-port benches,c2hlsport-u280,True,seidel-2d,kernel_seidel_2d,,,,,,,,,,,,,,,,,,,,45670739,,2570,3,0,3981,/scratch/hpc-prf-llmfpga/asa582/projects/test-chathls/ChatHLS-ACL-26/artifacts/pc2/sessions/hybrid-u280-c2hlsport-20260719-090238
hybrid-u280-c2hlsport-20260719-090238,chathls-c2hlsport,DeepSeek,ChatHLS on c2hls-port benches,c2hlsport-u280,True,sort_radix,ss_sort,19274417,,258439,0,30,85276,,,,,,,,,,,,,,280817,,19947,0,0,5695,/scratch/hpc-prf-llmfpga/asa582/projects/test-chathls/ChatHLS-ACL-26/artifacts/pc2/sessions/hybrid-u280-c2hlsport-20260719-090238
hybrid-u280-c2hlsport-20260719-090238,chathls-c2hlsport,DeepSeek,ChatHLS on c2hls-port benches,c2hlsport-u280,True,spmv_ellpack,ellpack,270219,,14335,11,8,8703,,,,,,,,,,,,,,2559,,2779,22,0,4779,/scratch/hpc-prf-llmfpga/asa582/projects/test-chathls/ChatHLS-ACL-26/artifacts/pc2/sessions/hybrid-u280-c2hlsport-20260719-090238
hybrid-u280-c2hlsport-20260719-090238,chathls-c2hlsport,DeepSeek,ChatHLS on c2hls-port benches,c2hlsport-u280,True,stencil2D,stencil,140762,,7706,3,4,6501,,,,,,,,,,,,,,12108,,6711,18,0,3032,/scratch/hpc-prf-llmfpga/asa582/projects/test-chathls/ChatHLS-ACL-26/artifacts/pc2/sessions/hybrid-u280-c2hlsport-20260719-090238
hybrid-u280-c2hlsport-20260719-090238,chathls-c2hlsport,DeepSeek,ChatHLS on c2hls-port benches,c2hlsport-u280,True,stencil3D,stencil3d,90919,,32316,3,30,15346,,,,,,,,,,,,,,22793,,68485,9,0,20367,/scratch/hpc-prf-llmfpga/asa582/projects/test-chathls/ChatHLS-ACL-26/artifacts/pc2/sessions/hybrid-u280-c2hlsport-20260719-090238
hybrid-u280-c2hlsport-20260719-090238,chathls-c2hlsport,DeepSeek,ChatHLS on c2hls-port benches,c2hlsport-u280,True,symm,kernel_symm,37430401,,24552,19,4,58192,,,,,,,,,,,,,,908581,,39733,19,0,59493,/scratch/hpc-prf-llmfpga/asa582/projects/test-chathls/ChatHLS-ACL-26/artifacts/pc2/sessions/hybrid-u280-c2hlsport-20260719-090238
hybrid-u280-c2hlsport-20260719-090238,chathls-c2hlsport,DeepSeek,ChatHLS on c2hls-port benches,c2hlsport-u280,True,syr2k,kernel_syr2k,1952641,,4588,11,4,4919,,,,,,,,,,,,,,392961,,23855,38,0,59488,/scratch/hpc-prf-llmfpga/asa582/projects/test-chathls/ChatHLS-ACL-26/artifacts/pc2/sessions/hybrid-u280-c2hlsport-20260719-090238
hybrid-u280-c2hlsport-20260719-090238,chathls-c2hlsport,DeepSeek,ChatHLS on c2hls-port benches,c2hlsport-u280,True,syrk,kernel_syrk,1183841,,4349,11,4,4252,,,,,,,,,,,,,,3931361,,12531,11,0,5544,/scratch/hpc-prf-llmfpga/asa582/projects/test-chathls/ChatHLS-ACL-26/artifacts/pc2/sessions/hybrid-u280-c2hlsport-20260719-090238
hybrid-u280-c2hlsport-20260719-090238,chathls-c2hlsport,DeepSeek,ChatHLS on c2hls-port benches,c2hlsport-u280,True,trisolv,kernel_trisolv,89232,,8352,11,38,9524,,,,,,,,,,,,,,138961,,1204,11,0,1573,/scratch/hpc-prf-llmfpga/asa582/projects/test-chathls/ChatHLS-ACL-26/artifacts/pc2/sessions/hybrid-u280-c2hlsport-20260719-090238
hybrid-u280-c2hlsport-20260719-090238,chathls-c2hlsport,DeepSeek,ChatHLS on c2hls-port benches,c2hlsport-u280,True,trmm,kernel_trmm,22593601,,6023,11,8,4596,,,,,,,,,,,,,,2846401,,1375,11,0,1592,/scratch/hpc-prf-llmfpga/asa582/projects/test-chathls/ChatHLS-ACL-26/artifacts/pc2/sessions/hybrid-u280-c2hlsport-20260719-090238
hybrid-u280-c2hlsport-20260719-090238,chathls-c2hlsport,DeepSeek,ChatHLS on c2hls-port benches,c2hlsport-u280,True,viterbi,viterbi,636989,,348625,21,240,141196,,,,,,,,,,,,,,4308,,8189,20,1,7619,/scratch/hpc-prf-llmfpga/asa582/projects/test-chathls/ChatHLS-ACL-26/artifacts/pc2/sessions/hybrid-u280-c2hlsport-20260719-090238
hybrid-u280-split-20260717-001649,chathls-native,DeepSeek,ChatHLS hybrid agent,hybrid-u280,True,2mm,kernel_2mm,25296077,,38403,20,8,26447,,38695,,,,,,,,,,,,7582,38695,377621,1116,0,2065793,/scratch/hpc-prf-llmfpga/asa582/projects/test-chathls/ChatHLS-ACL-26/artifacts/pc2/sessions/hybrid-u280-split-20260717-001649
hybrid-u280-split-20260717-001649,chathls-native,DeepSeek,ChatHLS hybrid agent,hybrid-u280,True,3mm,kernel_3mm,45441119,,361516,14,30,125211,,,,,,,,,,,,,,7018,,779385,2860,16,3492774**,/scratch/hpc-prf-llmfpga/asa582/projects/test-chathls/ChatHLS-ACL-26/artifacts/pc2/sessions/hybrid-u280-split-20260717-001649
hybrid-u280-split-20260717-001649,chathls-native,DeepSeek,ChatHLS hybrid agent,hybrid-u280,True,atax,kernel_atax,236250,,25208,8,4,26830,,1265,,,,,,,,,,,,915,1265,8090,16,0,11872,/scratch/hpc-prf-llmfpga/asa582/projects/test-chathls/ChatHLS-ACL-26/artifacts/pc2/sessions/hybrid-u280-split-20260717-001649
hybrid-u280-split-20260717-001649,chathls-native,DeepSeek,ChatHLS hybrid agent,hybrid-u280,True,bicg,kernel_bicg,234516,,23798,12,4,24382,,4113,,,,,,,,,,,,843,4113,7104,16,0,5996,/scratch/hpc-prf-llmfpga/asa582/projects/test-chathls/ChatHLS-ACL-26/artifacts/pc2/sessions/hybrid-u280-split-20260717-001649
hybrid-u280-split-20260717-001649,chathls-native,DeepSeek,ChatHLS hybrid agent,hybrid-u280,True,covariance,kernel_covariance,233415,,69911,4,8,40998,,74630,,,,,,,,,,,,10750,74630,20406,8,0,21447,/scratch/hpc-prf-llmfpga/asa582/projects/test-chathls/ChatHLS-ACL-26/artifacts/pc2/sessions/hybrid-u280-split-20260717-001649
hybrid-u280-split-20260717-001649,chathls-native,DeepSeek,ChatHLS hybrid agent,hybrid-u280,True,gemm,kernel_gemm,2871462,,30788,12,4,21949,,,,,,,,,,,,,,902,,75738,271,0,114324,/scratch/hpc-prf-llmfpga/asa582/projects/test-chathls/ChatHLS-ACL-26/artifacts/pc2/sessions/hybrid-u280-split-20260717-001649
hybrid-u280-split-20260717-001649,chathls-native,DeepSeek,ChatHLS hybrid agent,hybrid-u280,True,gemm_blocked,bbgemm,901125,,40482,22,30,23882,,1187910,,,,,,,,,,,,2097166,1187910,1580,11,0,1747,/scratch/hpc-prf-llmfpga/asa582/projects/test-chathls/ChatHLS-ACL-26/artifacts/pc2/sessions/hybrid-u280-split-20260717-001649
hybrid-u280-split-20260717-001649,chathls-native,DeepSeek,ChatHLS hybrid agent,hybrid-u280,True,gemm_ncubed,gemm,295512,,152198,11,30,60410,,,,,,,,,,,,,,4627,,294192,1408,0,1250964,/scratch/hpc-prf-llmfpga/asa582/projects/test-chathls/ChatHLS-ACL-26/artifacts/pc2/sessions/hybrid-u280-split-20260717-001649
hybrid-u280-split-20260717-001649,chathls-native,DeepSeek,ChatHLS hybrid agent,hybrid-u280,True,gesummv,kernel_gesummv,1499,,10272,8,4,11651,,4339,,,,,,,,,,,,482,4339,5153,20,0,4827,/scratch/hpc-prf-llmfpga/asa582/projects/test-chathls/ChatHLS-ACL-26/artifacts/pc2/sessions/hybrid-u280-split-20260717-001649
hybrid-u280-split-20260717-001649,chathls-native,DeepSeek,ChatHLS hybrid agent,hybrid-u280,True,matmul,matmul,34963,,78416,3,30,28613,,,,,,,,,,,,,,660,,762811,19974**,0,1440671,/scratch/hpc-prf-llmfpga/asa582/projects/test-chathls/ChatHLS-ACL-26/artifacts/pc2/sessions/hybrid-u280-split-20260717-001649
hybrid-u280-split-20260717-001649,chathls-native,DeepSeek,ChatHLS hybrid agent,hybrid-u280,True,mobilenet,mobilenet,149,,,,,,,,,,,,,,,,,,,,,152924,712,239,71688,/scratch/hpc-prf-llmfpga/asa582/projects/test-chathls/ChatHLS-ACL-26/artifacts/pc2/sessions/hybrid-u280-split-20260717-001649
hybrid-u280-split-20260717-001649,chathls-native,DeepSeek,ChatHLS hybrid agent,hybrid-u280,True,mvt,kernel_mvt,14327,,56806,8,16,25208,,2979,,,,,,,,,,,,1234,2979,8778,16,0,9585,/scratch/hpc-prf-llmfpga/asa582/projects/test-chathls/ChatHLS-ACL-26/artifacts/pc2/sessions/hybrid-u280-split-20260717-001649
hybrid-u280-split-20260717-001649,chathls-native,DeepSeek,ChatHLS hybrid agent,hybrid-u280,True,symm,kernel_symm,37430401,,24552,19,4,58192,,,,,,,,,,,,,,311596,,37543,30,0,144780,/scratch/hpc-prf-llmfpga/asa582/projects/test-chathls/ChatHLS-ACL-26/artifacts/pc2/sessions/hybrid-u280-split-20260717-001649
hybrid-u280-split-20260717-001649,chathls-native,DeepSeek,ChatHLS hybrid agent,hybrid-u280,True,syr2k,kernel_syr2k,1952641,,4588,11,4,4919,,5232710,,,,,,,,,,,,394721,5232710,2566,38,0,4370,/scratch/hpc-prf-llmfpga/asa582/projects/test-chathls/ChatHLS-ACL-26/artifacts/pc2/sessions/hybrid-u280-split-20260717-001649
hybrid-u280-split-20260717-001649,chathls-native,DeepSeek,ChatHLS hybrid agent,hybrid-u280,True,syrk,kernel_syrk,1183841,,4349,11,4,4252,,,,,,,,,,,,,,388881,,20211,11,0,29842,/scratch/hpc-prf-llmfpga/asa582/projects/test-chathls/ChatHLS-ACL-26/artifacts/pc2/sessions/hybrid-u280-split-20260717-001649
hybrid-u280-split-20260717-001649,chathls-native,DeepSeek,ChatHLS hybrid agent,hybrid-u280,True,transformer,transformer,73953,,155807,302,67,183025,,,,,,,,,,,,,,80676,,96746,238,16,104772,/scratch/hpc-prf-llmfpga/asa582/projects/test-chathls/ChatHLS-ACL-26/artifacts/pc2/sessions/hybrid-u280-split-20260717-001649
batch_parallel_autosa_20260708_autosa_nav_n_r3,c2hls-autosa-flash,Devstral,AutoSA flash (nav_n),autosa_nav_n,True,autosa_dnn_ops,autosa_dnn_ops,347,,11018,80,30,15532,1202,,10794,3,91,14528,,,,,,,,1202,,10794,3,91,14528,/scratch/hpc-prf-llmfpga/asa582/projects/c2hls/artifacts/pc2/batch_parallel_autosa_20260708_autosa_nav_n_r3
batch_parallel_autosa_20260708_autosa_nav_n_r4,c2hls-autosa-flash,Devstral,AutoSA flash (nav_n),autosa_nav_n,True,autosa_cnn,autosa_cnn,5066753,,14475,5,30,7514,39562,,62309,84,346,85687,,,,,,,,39562,,62309,84,346,85687,/scratch/hpc-prf-llmfpga/asa582/projects/c2hls/artifacts/pc2/batch_parallel_autosa_20260708_autosa_nav_n_r4
batch_parallel_autosa_20260708_autosa_nav_n_r4,c2hls-autosa-flash,Devstral,AutoSA flash (nav_n),autosa_nav_n,True,autosa_dnn_ops,autosa_dnn_ops,347,,11018,80,30,15532,568,,15663,80,90,24053,,,,,,,,568,,15663,80,90,24053,/scratch/hpc-prf-llmfpga/asa582/projects/c2hls/artifacts/pc2/batch_parallel_autosa_20260708_autosa_nav_n_r4
batch_parallel_autosa_20260708_autosa_nav_n_r4,c2hls-autosa-flash,Devstral,AutoSA flash (nav_n),autosa_nav_n,True,autosa_large_mm,autosa_large_mm,4007657544,,8118,3,30,8480,372705,,39763,384,4034**,57889,,,,,,,,372705,,39763,384,4034**,57889,/scratch/hpc-prf-llmfpga/asa582/projects/c2hls/artifacts/pc2/batch_parallel_autosa_20260708_autosa_nav_n_r4
batch_parallel_autosa_20260708_autosa_nav_n_r4,c2hls-autosa-flash,Devstral,AutoSA flash (nav_n),autosa_nav_n,True,autosa_lu,autosa_lu,266273,,2997,5,10,2900,190776,,13597,3,104,15107,,,,,,,,190776,,13597,3,104,15107,/scratch/hpc-prf-llmfpga/asa582/projects/c2hls/artifacts/pc2/batch_parallel_autosa_20260708_autosa_nav_n_r4
batch_parallel_autosa_20260708_autosa_nav_n_r5,c2hls-autosa-flash,Devstral,AutoSA flash (nav_n),autosa_nav_n,False,autosa_large_cnn,autosa_large_cnn,73987522712,,3034,7,2,2782,65702461442,,61469,52,62,324809,,,,,,,,65702461442,,61469,52,62,324809,/scratch/hpc-prf-llmfpga/asa582/projects/c2hls/artifacts/pc2/batch_parallel_autosa_20260708_autosa_nav_n_r5
batch_parallel_autosa_20260708_autosa_nav_n_r5,c2hls-autosa-flash,Devstral,AutoSA flash (nav_n),autosa_nav_n,False,autosa_large_mm_block_sparse,autosa_large_mm_block_sparse,167503724616,,8396,5,30,8950,115171585,,101306,322,1114,201202,,,,,,,,115171585,,101306,322,1114,201202,/scratch/hpc-prf-llmfpga/asa582/projects/c2hls/artifacts/pc2/batch_parallel_autosa_20260708_autosa_nav_n_r5
batch_parallel_autosa_20260708_autosa_nav_n_r5,c2hls-autosa-flash,Devstral,AutoSA flash (nav_n),autosa_nav_n,False,autosa_large_mm_int16,autosa_large_mm_int16,157840048200,,8074,1,30,8352,72638753,,54558,1024,250,60374,,,,,,,,72638753,,54558,1024,250,60374,/scratch/hpc-prf-llmfpga/asa582/projects/c2hls/artifacts/pc2/batch_parallel_autosa_20260708_autosa_nav_n_r5
batch_parallel_autosa_20260708_autosa_nav_n_r5,c2hls-autosa-flash,Devstral,AutoSA flash (nav_n),autosa_nav_n,False,autosa_large_mm_int8,autosa_large_mm_int8,162772549704,,8077,1,30,8278,47064139,,57844,512,332,32095,,,,,,,,47064139,,57844,512,332,32095,/scratch/hpc-prf-llmfpga/asa582/projects/c2hls/artifacts/pc2/batch_parallel_autosa_20260708_autosa_nav_n_r5
batch_parallel_autosa_20260708_autosa_nav_n_r5,c2hls-autosa-flash,Devstral,AutoSA flash (nav_n),autosa_nav_n,False,autosa_large_mm_intel,autosa_large_mm_intel,170120970312,,8395,5,30,8950,909572995,,14393,8,474,16530,,,,,,,,909572995,,14393,8,474,16530,/scratch/hpc-prf-llmfpga/asa582/projects/c2hls/artifacts/pc2/batch_parallel_autosa_20260708_autosa_nav_n_r5
batch_parallel_autosa_20260708_autosa_nav_n_r5,c2hls-autosa-flash,Devstral,AutoSA flash (nav_n),autosa_nav_n,False,autosa_large_mttkrp,autosa_large_mttkrp,907580276809,,11132,7,30,9766,39460012184,,10020,7,64,22996,,,,,,,,39460012184,,10020,7,64,22996,/scratch/hpc-prf-llmfpga/asa582/projects/c2hls/artifacts/pc2/batch_parallel_autosa_20260708_autosa_nav_n_r5
batch_parallel_autosa_20260708_autosa_nav_n_r5,c2hls-autosa-flash,Devstral,AutoSA flash (nav_n),autosa_nav_n,False,autosa_large_ttm,autosa_large_ttm,34931736577,,10460,5,30,18817,198910772,,100073,1280,8538**,169414,,,,,,,,198910772,,100073,1280,8538**,169414,/scratch/hpc-prf-llmfpga/asa582/projects/c2hls/artifacts/pc2/batch_parallel_autosa_20260708_autosa_nav_n_r5
batch_parallel_autosa_20260708_autosa_nav_n_r5,c2hls-autosa-flash,Devstral,AutoSA flash (nav_n),autosa_nav_n,False,autosa_large_ttmc,autosa_large_ttmc,,,11261,5,30,9678,206640775242,,18190,5,92,28581,,,,,,,,206640775242,,18190,5,92,28581,/scratch/hpc-prf-llmfpga/asa582/projects/c2hls/artifacts/pc2/batch_parallel_autosa_20260708_autosa_nav_n_r5
batch_parallel_autosa_20260708_autosa_nav_n_r5,c2hls-autosa-flash,Devstral,AutoSA flash (nav_n),autosa_nav_n,False,autosa_mm_block_sparse,autosa_mm_block_sparse,33357,,12301,40,30,21212,47908,,30701,320,30,48485,,,,,,,,47908,,30701,320,30,48485,/scratch/hpc-prf-llmfpga/asa582/projects/c2hls/artifacts/pc2/batch_parallel_autosa_20260708_autosa_nav_n_r5
batch_parallel_autosa_20260708_autosa_nav_n_r5,c2hls-autosa-flash,Devstral,AutoSA flash (nav_n),autosa_nav_n,False,autosa_mm_catapult,autosa_mm_catapult,32916,,9536,24,30,11621,9425,,18152,192,218,30901,,,,,,,,9425,,18152,192,218,30901,/scratch/hpc-prf-llmfpga/asa582/projects/c2hls/artifacts/pc2/batch_parallel_autosa_20260708_autosa_nav_n_r5
batch_parallel_autosa_20260708_autosa_nav_n_r5,c2hls-autosa-flash,Devstral,AutoSA flash (nav_n),autosa_nav_n,False,autosa_mm_getting_started,autosa_mm_getting_started,33357,,12301,40,30,21212,43736,,35731,320,90,55454,,,,,,,,43736,,35731,320,90,55454,/scratch/hpc-prf-llmfpga/asa582/projects/c2hls/artifacts/pc2/batch_parallel_autosa_20260708_autosa_nav_n_r5
batch_parallel_autosa_20260708_autosa_nav_n_r5,c2hls-autosa-flash,Devstral,AutoSA flash (nav_n),autosa_nav_n,False,autosa_mm_hbm,autosa_mm_hbm,33357,,12301,40,30,21212,43736,,35690,320,90,55346,,,,,,,,43736,,35690,320,90,55346,/scratch/hpc-prf-llmfpga/asa582/projects/c2hls/artifacts/pc2/batch_parallel_autosa_20260708_autosa_nav_n_r5
batch_parallel_autosa_20260708_autosa_nav_n_r5,c2hls-autosa-flash,Devstral,AutoSA flash (nav_n),autosa_nav_n,False,autosa_mm_hcl,autosa_mm_hcl,33357,,12301,40,30,21212,42195,,32748,320,218,56517,,,,,,,,42195,,32748,320,218,56517,/scratch/hpc-prf-llmfpga/asa582/projects/c2hls/artifacts/pc2/batch_parallel_autosa_20260708_autosa_nav_n_r5
batch_parallel_autosa_20260708_autosa_nav_n_r5,c2hls-autosa-flash,Devstral,AutoSA flash (nav_n),autosa_nav_n,False,autosa_mm_hcl_intel,autosa_mm_hcl_intel,33357,,12301,40,30,21212,43736,,34063,320,146,57210,,,,,,,,43736,,34063,320,146,57210,/scratch/hpc-prf-llmfpga/asa582/projects/c2hls/artifacts/pc2/batch_parallel_autosa_20260708_autosa_nav_n_r5
batch_parallel_autosa_20260708_autosa_nav_n_r5,c2hls-autosa-flash,Devstral,AutoSA flash (nav_n),autosa_nav_n,False,autosa_mm_int16,autosa_mm_int16,16533,,6940,64,30,7860,15000,,17749,64,98,17337,,,,,,,,15000,,17749,64,98,17337,/scratch/hpc-prf-llmfpga/asa582/projects/c2hls/artifacts/pc2/batch_parallel_autosa_20260708_autosa_nav_n_r5
batch_parallel_autosa_20260708_autosa_nav_n_r5,c2hls-autosa-flash,Devstral,AutoSA flash (nav_n),autosa_nav_n,False,autosa_mm_intel,autosa_mm_intel,33357,,12301,40,30,21212,41943,,33553,320,162,57126,,,,,,,,41943,,33553,320,162,57126,/scratch/hpc-prf-llmfpga/asa582/projects/c2hls/artifacts/pc2/batch_parallel_autosa_20260708_autosa_nav_n_r5
batch_parallel_autosa_dse_fd_20260712_212400_autosa_dse_fd_nocosim_cont,c2hls-autosa-dse-fd,Devstral,AutoSA-DSE flash+dataflow,autosa_dse_aav_n,True,autosa_cnn_rank1,autosa_cnn_rank1,18554,,72085,160,190,55760,18554,,72085,160,190,55760,,,,,,,,18554,,72085,160,190,55760,/scratch/hpc-prf-llmfpga/asa582/projects/c2hls/artifacts/pc2/batch_parallel_autosa_dse_fd_20260712_212400_autosa_dse_fd_nocosim_cont
batch_parallel_autosa_dse_fd_20260712_212400_autosa_dse_fd_nocosim_cont,c2hls-autosa-dse-fd,Devstral,AutoSA-DSE flash+dataflow,autosa_dse_aav_n,True,autosa_cnn_rank2,autosa_cnn_rank2,18554,,55353,160,194,52094,18554,,55353,160,194,52094,,,,,,,,18554,,55353,160,194,52094,/scratch/hpc-prf-llmfpga/asa582/projects/c2hls/artifacts/pc2/batch_parallel_autosa_dse_fd_20260712_212400_autosa_dse_fd_nocosim_cont
batch_parallel_autosa_dse_fd_20260712_212400_autosa_dse_fd_nocosim_cont,c2hls-autosa-dse-fd,Devstral,AutoSA-DSE flash+dataflow,autosa_dse_aav_n,True,autosa_cnn_rank3,autosa_cnn_rank3,18554,,55083,160,194,52036,18554,,55083,160,194,52036,,,,,,,,18554,,55083,160,194,52036,/scratch/hpc-prf-llmfpga/asa582/projects/c2hls/artifacts/pc2/batch_parallel_autosa_dse_fd_20260712_212400_autosa_dse_fd_nocosim_cont
batch_parallel_autosa_dse_fd_20260712_212400_autosa_dse_fd_nocosim_cont,c2hls-autosa-dse-fd,Devstral,AutoSA-DSE flash+dataflow,autosa_dse_aav_n,True,autosa_large_mm_intel_rank1,autosa_large_mm_intel_rank1,13631621,,90306,400,578,105617,13631621,,90306,400,578,105617,,,,,,,,13631621,,90306,400,578,105617,/scratch/hpc-prf-llmfpga/asa582/projects/c2hls/artifacts/pc2/batch_parallel_autosa_dse_fd_20260712_212400_autosa_dse_fd_nocosim_cont
batch_parallel_autosa_dse_fd_20260712_212400_autosa_dse_fd_nocosim_cont,c2hls-autosa-dse-fd,Devstral,AutoSA-DSE flash+dataflow,autosa_dse_aav_n,True,autosa_large_mm_intel_rank2,autosa_large_mm_intel_rank2,27263098,,85830,200,578,83582,27263098,,89830,200,578,76322,,,,,,,,27263098,,89830,200,578,76322,/scratch/hpc-prf-llmfpga/asa582/projects/c2hls/artifacts/pc2/batch_parallel_autosa_dse_fd_20260712_212400_autosa_dse_fd_nocosim_cont
batch_parallel_autosa_dse_fd_20260712_212400_autosa_dse_fd_nocosim_cont,c2hls-autosa-dse-fd,Devstral,AutoSA-DSE flash+dataflow,autosa_dse_aav_n,True,autosa_large_mm_intel_rank3,autosa_large_mm_intel_rank3,27263100,,57427,200,252,59985,27263100,,57427,200,252,59985,,,,,,,,27263100,,57427,200,252,59985,/scratch/hpc-prf-llmfpga/asa582/projects/c2hls/artifacts/pc2/batch_parallel_autosa_dse_fd_20260712_212400_autosa_dse_fd_nocosim_cont
batch_parallel_autosa_dse_fd_20260712_212400_autosa_dse_fd_nocosim_cont,c2hls-autosa-dse-fd,Devstral,AutoSA-DSE flash+dataflow,autosa_dse_aav_n,True,autosa_large_mm_rank1,autosa_large_mm_rank1,524403,,86570,156,354,75322,524403,,86570,156,354,75322,,,,,,,,524403,,86570,156,354,75322,/scratch/hpc-prf-llmfpga/asa582/projects/c2hls/artifacts/pc2/batch_parallel_autosa_dse_fd_20260712_212400_autosa_dse_fd_nocosim_cont
batch_parallel_autosa_dse_fd_20260712_212400_autosa_dse_fd_nocosim_cont,c2hls-autosa-dse-fd,Devstral,AutoSA-DSE flash+dataflow,autosa_dse_aav_n,True,autosa_large_mm_rank2,autosa_large_mm_rank2,524386,,58995,156,275,56468,524386,,58995,156,275,56468,,,,,,,,524386,,58995,156,275,56468,/scratch/hpc-prf-llmfpga/asa582/projects/c2hls/artifacts/pc2/batch_parallel_autosa_dse_fd_20260712_212400_autosa_dse_fd_nocosim_cont
batch_parallel_autosa_dse_fd_20260712_212400_autosa_dse_fd_nocosim_cont,c2hls-autosa-dse-fd,Devstral,AutoSA-DSE flash+dataflow,autosa_dse_aav_n,True,autosa_large_mm_rank3,autosa_large_mm_rank3,524386,,54923,156,267,55398,524386,,54923,156,267,55398,,,,,,,,524386,,54923,156,267,55398,/scratch/hpc-prf-llmfpga/asa582/projects/c2hls/artifacts/pc2/batch_parallel_autosa_dse_fd_20260712_212400_autosa_dse_fd_nocosim_cont
batch_parallel_autosa_dse_fd_20260712_212400_autosa_dse_fd_nocosim_cont,c2hls-autosa-dse-fd,Devstral,AutoSA-DSE flash+dataflow,autosa_dse_aav_n,True,autosa_mm_catapult_rank1,autosa_mm_catapult_rank1,8286,,36729,96,226,39097,8286,,36729,96,226,39097,,,,,,,,8286,,36729,96,226,39097,/scratch/hpc-prf-llmfpga/asa582/projects/c2hls/artifacts/pc2/batch_parallel_autosa_dse_fd_20260712_212400_autosa_dse_fd_nocosim_cont
batch_parallel_autosa_dse_fd_20260712_212400_autosa_dse_fd_nocosim_cont,c2hls-autosa-dse-fd,Devstral,AutoSA-DSE flash+dataflow,autosa_dse_aav_n,True,autosa_mm_catapult_rank2,autosa_mm_catapult_rank2,5078,,65613,192,330,68455,5078,,65613,192,330,68455,,,,,,,,5078,,65613,192,330,68455,/scratch/hpc-prf-llmfpga/asa582/projects/c2hls/artifacts/pc2/batch_parallel_autosa_dse_fd_20260712_212400_autosa_dse_fd_nocosim_cont
batch_parallel_autosa_dse_fd_20260712_212400_autosa_dse_fd_nocosim_cont,c2hls-autosa-dse-fd,Devstral,AutoSA-DSE flash+dataflow,autosa_dse_aav_n,True,autosa_mm_catapult_rank3,autosa_mm_catapult_rank3,8285,,37137,96,226,37286,8285,,37137,96,226,37286,,,,,,,,8285,,37137,96,226,37286,/scratch/hpc-prf-llmfpga/asa582/projects/c2hls/artifacts/pc2/batch_parallel_autosa_dse_fd_20260712_212400_autosa_dse_fd_nocosim_cont
batch_parallel_autosa_dse_fd_20260712_212400_autosa_dse_fd_nocosim_cont,c2hls-autosa-dse-fd,Devstral,AutoSA-DSE flash+dataflow,autosa_dse_aav_n,True,autosa_mm_getting_started_rank1,autosa_mm_getting_started_rank1,2194,,143218,640,540,152657,2194,,143224,640,540,152666,,,,,,,,2194,,143224,640,540,152666,/scratch/hpc-prf-llmfpga/asa582/projects/c2hls/artifacts/pc2/batch_parallel_autosa_dse_fd_20260712_212400_autosa_dse_fd_nocosim_cont
batch_parallel_autosa_dse_fd_20260712_212400_autosa_dse_fd_nocosim_cont,c2hls-autosa-dse-fd,Devstral,AutoSA-DSE flash+dataflow,autosa_dse_aav_n,True,autosa_mm_getting_started_rank2,autosa_mm_getting_started_rank2,2254,,139143,640,540,152574,2254,,139143,640,540,152574,,,,,,,,2254,,139143,640,540,152574,/scratch/hpc-prf-llmfpga/asa582/projects/c2hls/artifacts/pc2/batch_parallel_autosa_dse_fd_20260712_212400_autosa_dse_fd_nocosim_cont
batch_parallel_autosa_dse_fd_20260712_212400_autosa_dse_fd_nocosim_cont,c2hls-autosa-dse-fd,Devstral,AutoSA-DSE flash+dataflow,autosa_dse_aav_n,True,autosa_mm_getting_started_rank3,autosa_mm_getting_started_rank3,4228,,76519,320,330,91366,4228,,76519,320,330,91366,,,,,,,,4228,,76519,320,330,91366,/scratch/hpc-prf-llmfpga/asa582/projects/c2hls/artifacts/pc2/batch_parallel_autosa_dse_fd_20260712_212400_autosa_dse_fd_nocosim_cont
batch_parallel_autosa_dse_fd_20260712_212400_autosa_dse_fd_nocosim_cont,c2hls-autosa-dse-fd,Devstral,AutoSA-DSE flash+dataflow,autosa_dse_aav_n,True,autosa_mm_hcl_intel_rank1,autosa_mm_hcl_intel_rank1,4226,,78064,320,330,84618,4226,,78064,320,330,84618,,,,,,,,4226,,78064,320,330,84618,/scratch/hpc-prf-llmfpga/asa582/projects/c2hls/artifacts/pc2/batch_parallel_autosa_dse_fd_20260712_212400_autosa_dse_fd_nocosim_cont
batch_parallel_autosa_dse_fd_20260712_212400_autosa_dse_fd_nocosim_cont,c2hls-autosa-dse-fd,Devstral,AutoSA-DSE flash+dataflow,autosa_dse_aav_n,True,autosa_mm_hcl_intel_rank3,autosa_mm_hcl_intel_rank3,4229,,118312,320,540,113274,4229,,118312,320,540,113274,,,,,,,,4229,,118312,320,540,113274,/scratch/hpc-prf-llmfpga/asa582/projects/c2hls/artifacts/pc2/batch_parallel_autosa_dse_fd_20260712_212400_autosa_dse_fd_nocosim_cont
batch_parallel_autosa_dse_fd_20260712_212400_autosa_dse_fd_nocosim_cont,c2hls-autosa-dse-fd,Devstral,AutoSA-DSE flash+dataflow,autosa_dse_aav_n,True,autosa_mm_hcl_rank1,autosa_mm_hcl_rank1,4230,,117365,320,516,111757,4230,,117365,320,516,111757,,,,,,,,4230,,117365,320,516,111757,/scratch/hpc-prf-llmfpga/asa582/projects/c2hls/artifacts/pc2/batch_parallel_autosa_dse_fd_20260712_212400_autosa_dse_fd_nocosim_cont
batch_parallel_autosa_dse_fd_20260712_212400_autosa_dse_fd_nocosim_cont,c2hls-autosa-dse-fd,Devstral,AutoSA-DSE flash+dataflow,autosa_dse_aav_n,True,autosa_mm_hcl_rank2,autosa_mm_hcl_rank2,4226,,75528,320,306,83574,4226,,75528,320,306,83574,,,,,,,,4226,,75528,320,306,83574,/scratch/hpc-prf-llmfpga/asa582/projects/c2hls/artifacts/pc2/batch_parallel_autosa_dse_fd_20260712_212400_autosa_dse_fd_nocosim_cont
batch_parallel_autosa_dse_fd_20260712_212400_autosa_dse_fd_nocosim_cont,c2hls-autosa-dse-fd,Devstral,AutoSA-DSE flash+dataflow,autosa_dse_aav_n,True,autosa_mm_hcl_rank3,autosa_mm_hcl_rank3,8309,,67619,160,306,58825,8309,,67619,160,306,58825,,,,,,,,8309,,67619,160,306,58825,/scratch/hpc-prf-llmfpga/asa582/projects/c2hls/artifacts/pc2/batch_parallel_autosa_dse_fd_20260712_212400_autosa_dse_fd_nocosim_cont
batch_parallel_autosa_dse_fd_20260712_212400_autosa_dse_fd_nocosim_cont,c2hls-autosa-dse-fd,Devstral,AutoSA-DSE flash+dataflow,autosa_dse_aav_n,True,autosa_mm_int16_rank1,autosa_mm_int16_rank1,4219,,93003,64,384,57231,4219,,93003,64,384,57231,,,,,,,,4219,,93003,64,384,57231,/scratch/hpc-prf-llmfpga/asa582/projects/c2hls/artifacts/pc2/batch_parallel_autosa_dse_fd_20260712_212400_autosa_dse_fd_nocosim_cont
batch_parallel_autosa_dse_fd_20260712_212400_autosa_dse_fd_nocosim_cont,c2hls-autosa-dse-fd,Devstral,AutoSA-DSE flash+dataflow,autosa_dse_aav_n,True,autosa_mm_int16_rank2,autosa_mm_int16_rank2,8287,,35066,32,202,31308,8287,,35066,32,202,31308,,,,,,,,8287,,35066,32,202,31308,/scratch/hpc-prf-llmfpga/asa582/projects/c2hls/artifacts/pc2/batch_parallel_autosa_dse_fd_20260712_212400_autosa_dse_fd_nocosim_cont
batch_parallel_autosa_dse_fd_20260712_212400_autosa_dse_fd_nocosim_cont,c2hls-autosa-dse-fd,Devstral,AutoSA-DSE flash+dataflow,autosa_dse_aav_n,True,autosa_mm_int16_rank3,autosa_mm_int16_rank3,8287,,35033,32,202,29816,8287,,35033,32,202,29816,,,,,,,,8287,,35033,32,202,29816,/scratch/hpc-prf-llmfpga/asa582/projects/c2hls/artifacts/pc2/batch_parallel_autosa_dse_fd_20260712_212400_autosa_dse_fd_nocosim_cont
batch_parallel_autosa_dse_fd_20260712_212400_autosa_dse_fd_nocosim_cont,c2hls-autosa-dse-fd,Devstral,AutoSA-DSE flash+dataflow,autosa_dse_aav_n,True,autosa_mm_intel_rank1,autosa_mm_intel_rank1,4178,,118330,640,346,155487,4178,,118330,640,346,155487,,,,,,,,4178,,118330,640,346,155487,/scratch/hpc-prf-llmfpga/asa582/projects/c2hls/artifacts/pc2/batch_parallel_autosa_dse_fd_20260712_212400_autosa_dse_fd_nocosim_cont
batch_parallel_autosa_dse_fd_20260712_212400_autosa_dse_fd_nocosim_cont,c2hls-autosa-dse-fd,Devstral,AutoSA-DSE flash+dataflow,autosa_dse_aav_n,True,autosa_mm_intel_rank2,autosa_mm_intel_rank2,4208,,99934,320,346,105307,4208,,99934,320,346,105307,,,,,,,,4208,,99934,320,346,105307,/scratch/hpc-prf-llmfpga/asa582/projects/c2hls/artifacts/pc2/batch_parallel_autosa_dse_fd_20260712_212400_autosa_dse_fd_nocosim_cont
batch_parallel_autosa_dse_fd_20260712_212400_autosa_dse_fd_nocosim_cont,c2hls-autosa-dse-fd,Devstral,AutoSA-DSE flash+dataflow,autosa_dse_aav_n,True,autosa_mm_intel_rank3,autosa_mm_intel_rank3,8310,,43104,160,210,52414,8310,,43104,160,210,52414,,,,,,,,8310,,43104,160,210,52414,/scratch/hpc-prf-llmfpga/asa582/projects/c2hls/artifacts/pc2/batch_parallel_autosa_dse_fd_20260712_212400_autosa_dse_fd_nocosim_cont
batch_parallel_autosa_dse_fd_20260712_212400_autosa_dse_fd_nocosim_cont,c2hls-autosa-dse-fd,Devstral,AutoSA-DSE flash+dataflow,autosa_dse_aav_n,True,autosa_mm_rank1,autosa_mm_rank1,4228,,77288,320,330,89933,4228,,77288,320,330,89933,,,,,,,,4228,,77288,320,330,89933,/scratch/hpc-prf-llmfpga/asa582/projects/c2hls/artifacts/pc2/batch_parallel_autosa_dse_fd_20260712_212400_autosa_dse_fd_nocosim_cont
batch_parallel_autosa_dse_fd_20260712_212400_autosa_dse_fd_nocosim_cont,c2hls-autosa-dse-fd,Devstral,AutoSA-DSE flash+dataflow,autosa_dse_aav_n,True,autosa_mm_rank2,autosa_mm_rank2,4227,,76528,320,314,88055,4227,,76528,320,314,88055,,,,,,,,4227,,76528,320,314,88055,/scratch/hpc-prf-llmfpga/asa582/projects/c2hls/artifacts/pc2/batch_parallel_autosa_dse_fd_20260712_212400_autosa_dse_fd_nocosim_cont
batch_parallel_autosa_dse_fd_20260712_212400_autosa_dse_fd_nocosim_cont,c2hls-autosa-dse-fd,Devstral,AutoSA-DSE flash+dataflow,autosa_dse_aav_n,True,autosa_mm_rank3,autosa_mm_rank3,8309,,66114,160,314,63632,8309,,66114,160,314,63632,,,,,,,,8309,,66114,160,314,63632,/scratch/hpc-prf-llmfpga/asa582/projects/c2hls/artifacts/pc2/batch_parallel_autosa_dse_fd_20260712_212400_autosa_dse_fd_nocosim_cont
batch_parallel_autosa_dse_fd_20260713_091100_autosa_dse_fd_nocosim_plainseed,c2hls-autosa-dse-fd,Devstral,AutoSA-DSE flash+dataflow,autosa_dse_aav_n,True,autosa_mm_getting_started_rank3,autosa_mm_getting_started_rank3,4228,,76519,320,330,91366,5282,,77475,320,138,94332,,,,,,,,5282,,77475,320,138,94332,/scratch/hpc-prf-llmfpga/asa582/projects/c2hls/artifacts/pc2/batch_parallel_autosa_dse_fd_20260713_091100_autosa_dse_fd_nocosim_plainseed
batch_parallel_autosa_dse_fd_20260713_224002_autosa_dse_fd_nocosim_plainseed_stream,c2hls-autosa-dse-fd,Devstral,AutoSA-DSE flash+dataflow,autosa_dse_aav_n,True,autosa_cnn_rank1,autosa_cnn_rank1,18554,,72085,160,190,55760,561242,,20732,10,34,17775,,,,,,,False,561242,,20732,10,34,17775,/scratch/hpc-prf-llmfpga/asa582/projects/c2hls/artifacts/pc2/batch_parallel_autosa_dse_fd_20260713_224002_autosa_dse_fd_nocosim_plainseed_stream
batch_parallel_autosa_dse_fd_20260713_224002_autosa_dse_fd_nocosim_plainseed_stream,c2hls-autosa-dse-fd,Devstral,AutoSA-DSE flash+dataflow,autosa_dse_aav_n,True,autosa_cnn_rank2,autosa_cnn_rank2,18554,,55353,160,194,52094,285836,,21587,20,46,21711,,,,,,,False,285836,,21587,20,46,21711,/scratch/hpc-prf-llmfpga/asa582/projects/c2hls/artifacts/pc2/batch_parallel_autosa_dse_fd_20260713_224002_autosa_dse_fd_nocosim_plainseed_stream
batch_parallel_autosa_dse_fd_20260713_224002_autosa_dse_fd_nocosim_plainseed_stream,c2hls-autosa-dse-fd,Devstral,AutoSA-DSE flash+dataflow,autosa_dse_aav_n,True,autosa_cnn_rank3,autosa_cnn_rank3,18554,,55083,160,194,52036,285836,,21526,20,46,21699,,,,,,,False,285836,,21526,20,46,21699,/scratch/hpc-prf-llmfpga/asa582/projects/c2hls/artifacts/pc2/batch_parallel_autosa_dse_fd_20260713_224002_autosa_dse_fd_nocosim_plainseed_stream
batch_parallel_autosa_dse_fd_20260713_224002_autosa_dse_fd_nocosim_plainseed_stream,c2hls-autosa-dse-fd,Devstral,AutoSA-DSE flash+dataflow,autosa_dse_aav_n,True,autosa_large_mm_intel_rank2,autosa_large_mm_intel_rank2,27263098,,85830,200,578,83582,1012751765,,31535,10,106,35077,,,,,,,False,1012751765,,31535,10,106,35077,/scratch/hpc-prf-llmfpga/asa582/projects/c2hls/artifacts/pc2/batch_parallel_autosa_dse_fd_20260713_224002_autosa_dse_fd_nocosim_plainseed_stream
batch_parallel_autosa_dse_fd_20260713_224002_autosa_dse_fd_nocosim_plainseed_stream,c2hls-autosa-dse-fd,Devstral,AutoSA-DSE flash+dataflow,autosa_dse_aav_n,True,autosa_large_mm_intel_rank3,autosa_large_mm_intel_rank3,27263100,,57427,200,252,59985,464281318,,28820,20,123,35377,,,,,,,,464281318,,28820,20,123,35377,/scratch/hpc-prf-llmfpga/asa582/projects/c2hls/artifacts/pc2/batch_parallel_autosa_dse_fd_20260713_224002_autosa_dse_fd_nocosim_plainseed_stream
batch_parallel_autosa_dse_fd_20260713_224002_autosa_dse_fd_nocosim_plainseed_stream,c2hls-autosa-dse-fd,Devstral,AutoSA-DSE flash+dataflow,autosa_dse_aav_n,True,autosa_large_mm_rank1,autosa_large_mm_rank1,524403,,86570,156,354,75322,25878718,,34351,6,102,36674,,,,,,,False,25878718,,34351,6,102,36674,/scratch/hpc-prf-llmfpga/asa582/projects/c2hls/artifacts/pc2/batch_parallel_autosa_dse_fd_20260713_224002_autosa_dse_fd_nocosim_plainseed_stream
batch_parallel_autosa_dse_fd_20260713_224002_autosa_dse_fd_nocosim_plainseed_stream,c2hls-autosa-dse-fd,Devstral,AutoSA-DSE flash+dataflow,autosa_dse_aav_n,True,autosa_large_mm_rank2,autosa_large_mm_rank2,524386,,58995,156,275,56468,11778266,,22522,12,55,25265,,,,,,,False,11778266,,22522,12,55,25265,/scratch/hpc-prf-llmfpga/asa582/projects/c2hls/artifacts/pc2/batch_parallel_autosa_dse_fd_20260713_224002_autosa_dse_fd_nocosim_plainseed_stream
batch_parallel_autosa_dse_fd_20260713_224002_autosa_dse_fd_nocosim_plainseed_stream,c2hls-autosa-dse-fd,Devstral,AutoSA-DSE flash+dataflow,autosa_dse_aav_n,True,autosa_large_mm_rank3,autosa_large_mm_rank3,524386,,54923,156,267,55398,12801207,,22511,12,47,33825,,,,,,,False,12801207,,22511,12,47,33825,/scratch/hpc-prf-llmfpga/asa582/projects/c2hls/artifacts/pc2/batch_parallel_autosa_dse_fd_20260713_224002_autosa_dse_fd_nocosim_plainseed_stream
batch_parallel_autosa_dse_fd_20260713_224002_autosa_dse_fd_nocosim_plainseed_stream,c2hls-autosa-dse-fd,Devstral,AutoSA-DSE flash+dataflow,autosa_dse_aav_n,True,autosa_mm_catapult_rank1,autosa_mm_catapult_rank1,8286,,36729,96,226,39097,8518,,57500,96,90,228907,,,,,,,False,8518,,57500,96,90,228907,/scratch/hpc-prf-llmfpga/asa582/projects/c2hls/artifacts/pc2/batch_parallel_autosa_dse_fd_20260713_224002_autosa_dse_fd_nocosim_plainseed_stream
batch_parallel_autosa_dse_fd_20260713_224002_autosa_dse_fd_nocosim_plainseed_stream,c2hls-autosa-dse-fd,Devstral,AutoSA-DSE flash+dataflow,autosa_dse_aav_n,True,autosa_mm_catapult_rank2,autosa_mm_catapult_rank2,5078,,65613,192,330,68455,199399,,26978,12,30,32601,,,,,,,False,199399,,26978,12,30,32601,/scratch/hpc-prf-llmfpga/asa582/projects/c2hls/artifacts/pc2/batch_parallel_autosa_dse_fd_20260713_224002_autosa_dse_fd_nocosim_plainseed_stream
batch_parallel_autosa_dse_fd_20260713_224002_autosa_dse_fd_nocosim_plainseed_stream,c2hls-autosa-dse-fd,Devstral,AutoSA-DSE flash+dataflow,autosa_dse_aav_n,True,autosa_mm_catapult_rank3,autosa_mm_catapult_rank3,8285,,37137,96,226,37286,152312,,33721,12,218,91384,,,,,,,False,152312,,33721,12,218,91384,/scratch/hpc-prf-llmfpga/asa582/projects/c2hls/artifacts/pc2/batch_parallel_autosa_dse_fd_20260713_224002_autosa_dse_fd_nocosim_plainseed_stream
batch_parallel_autosa_dse_fd_20260713_224002_autosa_dse_fd_nocosim_plainseed_stream,c2hls-autosa-dse-fd,Devstral,AutoSA-DSE flash+dataflow,autosa_dse_aav_n,True,autosa_mm_getting_started_rank1,autosa_mm_getting_started_rank1,2194,,143218,640,540,152657,209808,,38877,20,62,48421,,,,,,,False,209808,,38877,20,62,48421,/scratch/hpc-prf-llmfpga/asa582/projects/c2hls/artifacts/pc2/batch_parallel_autosa_dse_fd_20260713_224002_autosa_dse_fd_nocosim_plainseed_stream
batch_parallel_autosa_dse_fd_20260713_224002_autosa_dse_fd_nocosim_plainseed_stream,c2hls-autosa-dse-fd,Devstral,AutoSA-DSE flash+dataflow,autosa_dse_aav_n,True,autosa_mm_getting_started_rank2,autosa_mm_getting_started_rank2,2254,,139143,640,540,152574,211736,,37295,20,46,49686,,,,,,,False,211736,,37295,20,46,49686,/scratch/hpc-prf-llmfpga/asa582/projects/c2hls/artifacts/pc2/batch_parallel_autosa_dse_fd_20260713_224002_autosa_dse_fd_nocosim_plainseed_stream
batch_parallel_autosa_dse_fd_20260713_224002_autosa_dse_fd_nocosim_plainseed_stream,c2hls-autosa-dse-fd,Devstral,AutoSA-DSE flash+dataflow,autosa_dse_aav_n,True,autosa_mm_getting_started_rank3,autosa_mm_getting_started_rank3,4228,,76519,320,330,91366,178136,,25650,20,47,34614,,,,,,,False,178136,,25650,20,47,34614,/scratch/hpc-prf-llmfpga/asa582/projects/c2hls/artifacts/pc2/batch_parallel_autosa_dse_fd_20260713_224002_autosa_dse_fd_nocosim_plainseed_stream
batch_parallel_autosa_dse_fd_20260713_224002_autosa_dse_fd_nocosim_plainseed_stream,c2hls-autosa-dse-fd,Devstral,AutoSA-DSE flash+dataflow,autosa_dse_aav_n,True,autosa_mm_hcl_intel_rank1,autosa_mm_hcl_intel_rank1,4226,,78064,320,330,84618,180844,,31979,20,122,37285,,,,,,,False,180844,,31979,20,122,37285,/scratch/hpc-prf-llmfpga/asa582/projects/c2hls/artifacts/pc2/batch_parallel_autosa_dse_fd_20260713_224002_autosa_dse_fd_nocosim_plainseed_stream
batch_parallel_autosa_dse_fd_20260713_224002_autosa_dse_fd_nocosim_plainseed_stream,c2hls-autosa-dse-fd,Devstral,AutoSA-DSE flash+dataflow,autosa_dse_aav_n,True,autosa_mm_hcl_intel_rank3,autosa_mm_hcl_intel_rank3,4229,,118312,320,540,113274,282732,,33938,10,62,40866,,,,,,,False,282732,,33938,10,62,40866,/scratch/hpc-prf-llmfpga/asa582/projects/c2hls/artifacts/pc2/batch_parallel_autosa_dse_fd_20260713_224002_autosa_dse_fd_nocosim_plainseed_stream
batch_parallel_autosa_dse_fd_20260713_224002_autosa_dse_fd_nocosim_plainseed_stream,c2hls-autosa-dse-fd,Devstral,AutoSA-DSE flash+dataflow,autosa_dse_aav_n,True,autosa_mm_hcl_rank1,autosa_mm_hcl_rank1,4230,,117365,320,516,111757,257574,,32640,10,30,40852,,,,,,,False,257574,,32640,10,30,40852,/scratch/hpc-prf-llmfpga/asa582/projects/c2hls/artifacts/pc2/batch_parallel_autosa_dse_fd_20260713_224002_autosa_dse_fd_nocosim_plainseed_stream
batch_parallel_autosa_dse_fd_20260713_224002_autosa_dse_fd_nocosim_plainseed_stream,c2hls-autosa-dse-fd,Devstral,AutoSA-DSE flash+dataflow,autosa_dse_aav_n,True,autosa_mm_hcl_rank2,autosa_mm_hcl_rank2,4226,,75528,320,306,83574,105410,,46624,20,90,146117,,,,,,,False,105410,,46624,20,90,146117,/scratch/hpc-prf-llmfpga/asa582/projects/c2hls/artifacts/pc2/batch_parallel_autosa_dse_fd_20260713_224002_autosa_dse_fd_nocosim_plainseed_stream
batch_parallel_autosa_dse_fd_20260713_224002_autosa_dse_fd_nocosim_plainseed_stream,c2hls-autosa-dse-fd,Devstral,AutoSA-DSE flash+dataflow,autosa_dse_aav_n,True,autosa_mm_hcl_rank3,autosa_mm_hcl_rank3,8309,,67619,160,306,58825,243664,,28568,10,90,34921,,,,,,,False,243664,,28568,10,90,34921,/scratch/hpc-prf-llmfpga/asa582/projects/c2hls/artifacts/pc2/batch_parallel_autosa_dse_fd_20260713_224002_autosa_dse_fd_nocosim_plainseed_stream
batch_parallel_autosa_dse_fd_20260713_224002_autosa_dse_fd_nocosim_plainseed_stream,c2hls-autosa-dse-fd,Devstral,AutoSA-DSE flash+dataflow,autosa_dse_aav_n,True,autosa_mm_int16_rank1,autosa_mm_int16_rank1,4219,,93003,64,384,57231,273198,,27206,2,30,28249,,,,,,,False,273198,,27206,2,30,28249,/scratch/hpc-prf-llmfpga/asa582/projects/c2hls/artifacts/pc2/batch_parallel_autosa_dse_fd_20260713_224002_autosa_dse_fd_nocosim_plainseed_stream
batch_parallel_autosa_dse_fd_20260713_224002_autosa_dse_fd_nocosim_plainseed_stream,c2hls-autosa-dse-fd,Devstral,AutoSA-DSE flash+dataflow,autosa_dse_aav_n,True,autosa_mm_int16_rank2,autosa_mm_int16_rank2,8287,,35066,32,202,31308,192840,,24983,4,90,28679,,,,,,,False,192840,,24983,4,90,28679,/scratch/hpc-prf-llmfpga/asa582/projects/c2hls/artifacts/pc2/batch_parallel_autosa_dse_fd_20260713_224002_autosa_dse_fd_nocosim_plainseed_stream
batch_parallel_autosa_dse_fd_20260713_224002_autosa_dse_fd_nocosim_plainseed_stream,c2hls-autosa-dse-fd,Devstral,AutoSA-DSE flash+dataflow,autosa_dse_aav_n,True,autosa_mm_int16_rank3,autosa_mm_int16_rank3,8287,,35033,32,202,29816,131285,,22100,4,91,26920,,,,,,,False,131285,,22100,4,91,26920,/scratch/hpc-prf-llmfpga/asa582/projects/c2hls/artifacts/pc2/batch_parallel_autosa_dse_fd_20260713_224002_autosa_dse_fd_nocosim_plainseed_stream
batch_parallel_autosa_dse_fd_20260713_224002_autosa_dse_fd_nocosim_plainseed_stream,c2hls-autosa-dse-fd,Devstral,AutoSA-DSE flash+dataflow,autosa_dse_aav_n,True,autosa_mm_intel_rank1,autosa_mm_intel_rank1,4178,,118330,640,346,155487,65859,,46507,80,30,69713,,,,,,,False,65859,,46507,80,30,69713,/scratch/hpc-prf-llmfpga/asa582/projects/c2hls/artifacts/pc2/batch_parallel_autosa_dse_fd_20260713_224002_autosa_dse_fd_nocosim_plainseed_stream
batch_parallel_autosa_dse_fd_20260713_224002_autosa_dse_fd_nocosim_plainseed_stream,c2hls-autosa-dse-fd,Devstral,AutoSA-DSE flash+dataflow,autosa_dse_aav_n,True,autosa_mm_intel_rank2,autosa_mm_intel_rank2,4208,,99934,320,346,105307,95939,,39240,40,30,49379,,,,,,,False,95939,,39240,40,30,49379,/scratch/hpc-prf-llmfpga/asa582/projects/c2hls/artifacts/pc2/batch_parallel_autosa_dse_fd_20260713_224002_autosa_dse_fd_nocosim_plainseed_stream
batch_parallel_autosa_dse_fd_20260713_224002_autosa_dse_fd_nocosim_plainseed_stream,c2hls-autosa-dse-fd,Devstral,AutoSA-DSE flash+dataflow,autosa_dse_aav_n,True,autosa_mm_intel_rank3,autosa_mm_intel_rank3,8310,,43104,160,210,52414,119338,,31271,40,30,35072,,,,,,,False,119338,,31271,40,30,35072,/scratch/hpc-prf-llmfpga/asa582/projects/c2hls/artifacts/pc2/batch_parallel_autosa_dse_fd_20260713_224002_autosa_dse_fd_nocosim_plainseed_stream
batch_parallel_autosa_dse_fd_20260713_224002_autosa_dse_fd_nocosim_plainseed_stream,c2hls-autosa-dse-fd,Devstral,AutoSA-DSE flash+dataflow,autosa_dse_aav_n,True,autosa_mm_rank1,autosa_mm_rank1,4228,,77288,320,330,89933,1146551,,31354,3,154,56719,,,,,,,False,1146551,,31354,3,154,56719,/scratch/hpc-prf-llmfpga/asa582/projects/c2hls/artifacts/pc2/batch_parallel_autosa_dse_fd_20260713_224002_autosa_dse_fd_nocosim_plainseed_stream
batch_parallel_autosa_dse_fd_20260713_224002_autosa_dse_fd_nocosim_plainseed_stream,c2hls-autosa-dse-fd,Devstral,AutoSA-DSE flash+dataflow,autosa_dse_aav_n,True,autosa_mm_rank2,autosa_mm_rank2,4227,,76528,320,314,88055,1164446,,33073,3,90,112334,,,,,,,False,1164446,,33073,3,90,112334,/scratch/hpc-prf-llmfpga/asa582/projects/c2hls/artifacts/pc2/batch_parallel_autosa_dse_fd_20260713_224002_autosa_dse_fd_nocosim_plainseed_stream
batch_parallel_autosa_dse_fd_20260713_224002_autosa_dse_fd_nocosim_plainseed_stream,c2hls-autosa-dse-fd,Devstral,AutoSA-DSE flash+dataflow,autosa_dse_aav_n,True,autosa_mm_rank3,autosa_mm_rank3,8309,,66114,160,314,63632,244259,,43598,10,106,335690,,,,,,,False,244259,,43598,10,106,335690,/scratch/hpc-prf-llmfpga/asa582/projects/c2hls/artifacts/pc2/batch_parallel_autosa_dse_fd_20260713_224002_autosa_dse_fd_nocosim_plainseed_stream
batch_parallel_complex_20260701_tier_a_bp_25,c2hls-tierA-complex,Devstral,Tier-A complex flash,complex/tier_a,False,spector_hls_dct,spector_hls_dct,229244929,,24336,20,2,12765,124190721,,14367,61,16,15035,,,,,,,,124190721,,14367,61,16,15035,/scratch/hpc-prf-llmfpga/asa582/projects/c2hls/artifacts/pc2/batch_parallel_complex_20260701_tier_a_bp_25
batch_parallel_complex_20260701_tier_a_bp_25,c2hls-tierA-complex,Devstral,Tier-A complex flash,complex/tier_a,False,spector_hls_histogram,spector_hls_histogram,1762,,5601,0,10,3851,1626,,4378,,17,2976,,,,,,,,1626,,4378,,17,2976,/scratch/hpc-prf-llmfpga/asa582/projects/c2hls/artifacts/pc2/batch_parallel_complex_20260701_tier_a_bp_25
batch_parallel_complex_20260702_bpcplx_r2,c2hls-tierA-complex,Devstral,Tier-A complex flash,complex/tier_a,True,forgebench_conv_A,forgebench_conv_A,133088,,57270,513,112,32215,198186,,20342,66,118,14759,,,,,,,,198186,,20342,66,118,14759,/scratch/hpc-prf-llmfpga/asa582/projects/c2hls/artifacts/pc2/batch_parallel_complex_20260702_bpcplx_r2
batch_parallel_complex_20260702_bpcplx_r2,c2hls-tierA-complex,Devstral,Tier-A complex flash,complex/tier_a,True,forgebench_gpt_transformer_p1,forgebench_gpt_transformer_p1,73978,,157002,302,67,182146,44201,,163857,302,92,181488,,,,,,,,44201,,163857,302,92,181488,/scratch/hpc-prf-llmfpga/asa582/projects/c2hls/artifacts/pc2/batch_parallel_complex_20260702_bpcplx_r2
batch_parallel_complex_20260702_bpcplx_r2,c2hls-tierA-complex,Devstral,Tier-A complex flash,complex/tier_a,True,forgebench_mlp,forgebench_mlp,372981,,425486,8240,76,244029,812372,,13292,11,162,15968,,,,,,,,812372,,13292,11,162,15968,/scratch/hpc-prf-llmfpga/asa582/projects/c2hls/artifacts/pc2/batch_parallel_complex_20260702_bpcplx_r2
batch_parallel_complex_20260702_bpcplx_r2,c2hls-tierA-complex,Devstral,Tier-A complex flash,complex/tier_a,True,forgebench_vec_mtx_p1,forgebench_vec_mtx_p1,1399,,22196,256,46,35540,424,,8659,64,30,10290,,,,,,,,424,,8659,64,30,10290,/scratch/hpc-prf-llmfpga/asa582/projects/c2hls/artifacts/pc2/batch_parallel_complex_20260702_bpcplx_r2
batch_parallel_complex_20260702_bpcplx_r2,c2hls-tierA-complex,Devstral,Tier-A complex flash,complex/tier_a,True,hp_fft_n1024__UF1,hp_fft_n1024__UF1,5811,,37210,96,96,34122,4541,,92255,96,90,109990,,,,,,,,4541,,92255,96,90,109990,/scratch/hpc-prf-llmfpga/asa582/projects/c2hls/artifacts/pc2/batch_parallel_complex_20260702_bpcplx_r2
batch_parallel_complex_20260702_bpcplx_r2,c2hls-tierA-complex,Devstral,Tier-A complex flash,complex/tier_a,True,hp_fft_n256__UF1,hp_fft_n256__UF1,1293,,23261,72,40,26290,1187,,42435,96,,54863,,,,,,,,1187,,42435,96,,54863,/scratch/hpc-prf-llmfpga/asa582/projects/c2hls/artifacts/pc2/batch_parallel_complex_20260702_bpcplx_r2
batch_parallel_complex_20260702_bpcplx_r2,c2hls-tierA-complex,Devstral,Tier-A complex flash,complex/tier_a,True,spector_hls_dct,spector_hls_dct,229244929,,24336,20,2,12765,106299393,,79241,349,16,59235,,,,,,,,106299393,,79241,349,16,59235,/scratch/hpc-prf-llmfpga/asa582/projects/c2hls/artifacts/pc2/batch_parallel_complex_20260702_bpcplx_r2
batch_parallel_complex_20260702_bpcplx_r2,c2hls-tierA-complex,Devstral,Tier-A complex flash,complex/tier_a,True,spector_hls_fir,spector_hls_fir,273177,,19654,25,16,25139,155817,,14005,45,4,14216,,,,,,,,155817,,14005,45,4,14216,/scratch/hpc-prf-llmfpga/asa582/projects/c2hls/artifacts/pc2/batch_parallel_complex_20260702_bpcplx_r2
batch_parallel_complex_20260702_bpcplx_r2,c2hls-tierA-complex,Devstral,Tier-A complex flash,complex/tier_a,True,spector_hls_histogram,spector_hls_histogram,1762,,5601,0,10,3851,1761,,13198,,2,6019,,,,,,,,1761,,13198,,2,6019,/scratch/hpc-prf-llmfpga/asa582/projects/c2hls/artifacts/pc2/batch_parallel_complex_20260702_bpcplx_r2
batch_parallel_complex_20260702_bpcplx_r2,c2hls-tierA-complex,Devstral,Tier-A complex flash,complex/tier_a,True,spector_hls_normals,spector_hls_normals,11770040,,43291,14,62,28092,10331844,,36553,12,30,18464,,,,,,,,10331844,,36553,12,30,18464,/scratch/hpc-prf-llmfpga/asa582/projects/c2hls/artifacts/pc2/batch_parallel_complex_20260702_bpcplx_r2
batch_parallel_complex_20260702_bpcplx_r2,c2hls-tierA-complex,Devstral,Tier-A complex flash,complex/tier_a,True,spector_hls_sobel_filter_x,spector_hls_sobel_filter_x,,,4573,3,2,2551,16540979,,2518,8,2,1561,,,,,,,,16540979,,2518,8,2,1561,/scratch/hpc-prf-llmfpga/asa582/projects/c2hls/artifacts/pc2/batch_parallel_complex_20260702_bpcplx_r2
batch_parallel_complex_20260702_bpcplx_r2,c2hls-tierA-complex,Devstral,Tier-A complex flash,complex/tier_a,True,spector_hls_sobel_filter_y,spector_hls_sobel_filter_y,,,3981,3,2,1983,2100080,,20070,,926,5886,,,,,,,,2100080,,20070,,926,5886,/scratch/hpc-prf-llmfpga/asa582/projects/c2hls/artifacts/pc2/batch_parallel_complex_20260702_bpcplx_r2
batch_parallel_complex_20260702_bpcplx_r2,c2hls-tierA-complex,Devstral,Tier-A complex flash,complex/tier_a,True,spector_hls_template_matching,spector_hls_template_matching,44280002,,3466,2,1,1171,40148,,30387,,30,47859,,,,,,,,40148,,30387,,30,47859,/scratch/hpc-prf-llmfpga/asa582/projects/c2hls/artifacts/pc2/batch_parallel_complex_20260702_bpcplx_r2
batch_parallel_complex_tier_a_30_remaining_20260704_065754,c2hls-tierA-complex,Devstral,Tier-A complex flash,complex/tier_a,True,forgebench_attention_op_p2,forgebench_attention_op_p2,17057,,44538,228,65,43005,3110,,123650,12324**,150,591722,,,,,,,,3110,,123650,12324**,150,591722,/scratch/hpc-prf-llmfpga/asa582/projects/c2hls/artifacts/pc2/batch_parallel_complex_tier_a_30_remaining_20260704_065754
batch_parallel_complex_tier_a_30_remaining_20260704_065754,c2hls-tierA-complex,Devstral,Tier-A complex flash,complex/tier_a,True,forgebench_attention_op_p3,forgebench_attention_op_p3,17057,,44539,228,65,43005,4868,,51186,228,153,48124,,,,,,,,4868,,51186,228,153,48124,/scratch/hpc-prf-llmfpga/asa582/projects/c2hls/artifacts/pc2/batch_parallel_complex_tier_a_30_remaining_20260704_065754
batch_parallel_complex_tier_a_30_remaining_20260704_065754,c2hls-tierA-complex,Devstral,Tier-A complex flash,complex/tier_a,True,forgebench_conv_B,forgebench_conv_B,454688,,60545,513,552,20623,185307,,44777,128,300,18020,,,,,,,,185307,,44777,128,300,18020,/scratch/hpc-prf-llmfpga/asa582/projects/c2hls/artifacts/pc2/batch_parallel_complex_tier_a_30_remaining_20260704_065754
batch_parallel_complex_tier_a_30_remaining_20260704_065754,c2hls-tierA-complex,Devstral,Tier-A complex flash,complex/tier_a,True,forgebench_conv_C,forgebench_conv_C,1375058,,58863,513,640,25827,14646516,,9983,1,230,8118,,,,,,,,14646516,,9983,1,230,8118,/scratch/hpc-prf-llmfpga/asa582/projects/c2hls/artifacts/pc2/batch_parallel_complex_tier_a_30_remaining_20260704_065754
batch_parallel_complex_tier_a_30_remaining_20260704_065754,c2hls-tierA-complex,Devstral,Tier-A complex flash,complex/tier_a,True,forgebench_diff_dims_p2,forgebench_diff_dims_p2,1348608,,25611,128,172,19673,83097,,21238,64,224,21852,,,,,,,,83097,,21238,64,224,21852,/scratch/hpc-prf-llmfpga/asa582/projects/c2hls/artifacts/pc2/batch_parallel_complex_tier_a_30_remaining_20260704_065754
batch_parallel_complex_tier_a_30_remaining_20260704_065754,c2hls-tierA-complex,Devstral,Tier-A complex flash,complex/tier_a,True,forgebench_diff_dims_p3,forgebench_diff_dims_p3,1188881,,57987,512,412,27429,36256,,61915,192,536,52261,,,,,,,,36256,,61915,192,536,52261,/scratch/hpc-prf-llmfpga/asa582/projects/c2hls/artifacts/pc2/batch_parallel_complex_tier_a_30_remaining_20260704_065754
batch_parallel_complex_tier_a_30_remaining_20260704_065754,c2hls-tierA-complex,Devstral,Tier-A complex flash,complex/tier_a,True,forgebench_diff_orders_p2,forgebench_diff_orders_p2,49947,,138632,2048,60,47649,443,,111163,1024,90,70942,,,,,,,,443,,111163,1024,90,70942,/scratch/hpc-prf-llmfpga/asa582/projects/c2hls/artifacts/pc2/batch_parallel_complex_tier_a_30_remaining_20260704_065754
batch_parallel_complex_tier_a_30_remaining_20260704_065754,c2hls-tierA-complex,Devstral,Tier-A complex flash,complex/tier_a,True,forgebench_testing_impl,forgebench_testing_impl,2503,,22126,64,60,13721,336,,22051,32,122,20973,,,,,,,,336,,22051,32,122,20973,/scratch/hpc-prf-llmfpga/asa582/projects/c2hls/artifacts/pc2/batch_parallel_complex_tier_a_30_remaining_20260704_065754
batch_parallel_complex_tier_a_30_remaining_20260704_065754,c2hls-tierA-complex,Devstral,Tier-A complex flash,complex/tier_a,True,forgebench_vec_mtx_p2,forgebench_vec_mtx_p2,391,,12496,256,46,28614,1222,,15813,1,62,10268,,,,,,,,1222,,15813,1,62,10268,/scratch/hpc-prf-llmfpga/asa582/projects/c2hls/artifacts/pc2/batch_parallel_complex_tier_a_30_remaining_20260704_065754
batch_parallel_complex_tier_a_30_remaining_20260704_065754,c2hls-tierA-complex,Devstral,Tier-A complex flash,complex/tier_a,True,hp_fft_n1024__UF2,hp_fft_n1024__UF2,2738,,62644,192,88,58405,5859,,12186,28,54,20053,,,,,,,,5859,,12186,28,54,20053,/scratch/hpc-prf-llmfpga/asa582/projects/c2hls/artifacts/pc2/batch_parallel_complex_tier_a_30_remaining_20260704_065754
batch_parallel_complex_tier_a_30_remaining_20260704_065754,c2hls-tierA-complex,Devstral,Tier-A complex flash,complex/tier_a,True,hp_fft_n1024__UF32,hp_fft_n1024__UF32,486,,708280,2283,0,809481,4418,,71632,268,30,150464,,,,,,,,4418,,71632,268,30,150464,/scratch/hpc-prf-llmfpga/asa582/projects/c2hls/artifacts/pc2/batch_parallel_complex_tier_a_30_remaining_20260704_065754
batch_parallel_complex_tier_a_30_remaining_20260704_065754,c2hls-tierA-complex,Devstral,Tier-A complex flash,complex/tier_a,True,hp_fft_n1024__UF4,hp_fft_n1024__UF4,1575,,115704,354,112,106279,6269,,20204,44,46,25901,,,,,,,,6269,,20204,44,46,25901,/scratch/hpc-prf-llmfpga/asa582/projects/c2hls/artifacts/pc2/batch_parallel_complex_tier_a_30_remaining_20260704_065754
batch_parallel_complex_tier_a_30_remaining_20260704_065754,c2hls-tierA-complex,Devstral,Tier-A complex flash,complex/tier_a,True,hp_fft_n256__UF2,hp_fft_n256__UF2,652,,45661,144,0,47879,1332,,11530,28,10,16541,,,,,,,,1332,,11530,28,10,16541,/scratch/hpc-prf-llmfpga/asa582/projects/c2hls/artifacts/pc2/batch_parallel_complex_tier_a_30_remaining_20260704_065754
batch_parallel_complex_tier_a_30_remaining_20260704_065754,c2hls-tierA-complex,Devstral,Tier-A complex flash,complex/tier_a,True,hp_fft_n256__UF32,hp_fft_n256__UF32,198,,532687,1515,0,549771,972,,57642,268,10,109911,,,,,,,,972,,57642,268,10,109911,/scratch/hpc-prf-llmfpga/asa582/projects/c2hls/artifacts/pc2/batch_parallel_complex_tier_a_30_remaining_20260704_065754
batch_parallel_complex_tier_a_30_remaining_20260704_065754,c2hls-tierA-complex,Devstral,Tier-A complex flash,complex/tier_a,True,hp_fft_n256__UF4,hp_fft_n256__UF4,423,,92270,258,0,85686,1700,,17628,44,10,22636,,,,,,,,1700,,17628,44,10,22636,/scratch/hpc-prf-llmfpga/asa582/projects/c2hls/artifacts/pc2/batch_parallel_complex_tier_a_30_remaining_20260704_065754
batch_parallel_complex_tier_a_30_remaining_20260704_065754,c2hls-tierA-complex,Devstral,Tier-A complex flash,complex/tier_a,True,hp_fft_n256__UF8,hp_fft_n256__UF8,322,,139851,423,0,165546,1044,,23575,76,10,48576,,,,,,,,1044,,23575,76,10,48576,/scratch/hpc-prf-llmfpga/asa582/projects/c2hls/artifacts/pc2/batch_parallel_complex_tier_a_30_remaining_20260704_065754
batch_parallel_complex_tier_a_30_remaining_20260704_100656,c2hls-tierA-complex,Devstral,Tier-A complex flash,complex/tier_a,True,forgebench_attention_op_p2,forgebench_attention_op_p2,17057,,44538,228,65,43005,12602,,44925,207,155,47522,,,,,,,,12602,,44925,207,155,47522,/scratch/hpc-prf-llmfpga/asa582/projects/c2hls/artifacts/pc2/batch_parallel_complex_tier_a_30_remaining_20260704_100656
batch_parallel_complex_tier_a_30_remaining_20260704_100656,c2hls-tierA-complex,Devstral,Tier-A complex flash,complex/tier_a,True,forgebench_attention_op_p3,forgebench_attention_op_p3,17057,,44539,228,65,43005,1833,,133022,12376**,150,601781,,,,,,,,1833,,133022,12376**,150,601781,/scratch/hpc-prf-llmfpga/asa582/projects/c2hls/artifacts/pc2/batch_parallel_complex_tier_a_30_remaining_20260704_100656
batch_parallel_complex_tier_a_30_remaining_20260704_100656,c2hls-tierA-complex,Devstral,Tier-A complex flash,complex/tier_a,True,forgebench_conv_C,forgebench_conv_C,1375058,,58863,513,640,25827,285660,,50125,128,445,16478,,,,,,,,285660,,50125,128,445,16478,/scratch/hpc-prf-llmfpga/asa582/projects/c2hls/artifacts/pc2/batch_parallel_complex_tier_a_30_remaining_20260704_100656
batch_parallel_complex_tier_a_30_remaining_20260704_100656,c2hls-tierA-complex,Devstral,Tier-A complex flash,complex/tier_a,True,forgebench_diff_dims_p2,forgebench_diff_dims_p2,1348608,,25611,128,172,19673,2146467,,16217,1,184,19346,,,,,,,,2146467,,16217,1,184,19346,/scratch/hpc-prf-llmfpga/asa582/projects/c2hls/artifacts/pc2/batch_parallel_complex_tier_a_30_remaining_20260704_100656
batch_parallel_complex_tier_a_30_remaining_20260704_100656,c2hls-tierA-complex,Devstral,Tier-A complex flash,complex/tier_a,True,forgebench_diff_dims_p3,forgebench_diff_dims_p3,1188881,,57987,512,412,27429,6439075,,16304,1,272,19435,,,,,,,,6439075,,16304,1,272,19435,/scratch/hpc-prf-llmfpga/asa582/projects/c2hls/artifacts/pc2/batch_parallel_complex_tier_a_30_remaining_20260704_100656
batch_parallel_complex_tier_a_30_remaining_20260704_100656,c2hls-tierA-complex,Devstral,Tier-A complex flash,complex/tier_a,True,forgebench_diff_orders_p2,forgebench_diff_orders_p2,49947,,138632,2048,60,47649,443,,111163,1024,90,70942,,,,,,,,443,,111163,1024,90,70942,/scratch/hpc-prf-llmfpga/asa582/projects/c2hls/artifacts/pc2/batch_parallel_complex_tier_a_30_remaining_20260704_100656
batch_parallel_complex_tier_a_30_remaining_20260704_100656,c2hls-tierA-complex,Devstral,Tier-A complex flash,complex/tier_a,True,forgebench_diff_orders_p3,forgebench_diff_orders_p3,280012,,134324,2048,60,64291,1073310,,12740,1,122,14670,,,,,,,,1073310,,12740,1,122,14670,/scratch/hpc-prf-llmfpga/asa582/projects/c2hls/artifacts/pc2/batch_parallel_complex_tier_a_30_remaining_20260704_100656
batch_parallel_complex_tier_a_30_remaining_20260704_100656,c2hls-tierA-complex,Devstral,Tier-A complex flash,complex/tier_a,True,forgebench_testing_impl,forgebench_testing_impl,2503,,22126,64,60,13721,336,,22051,32,122,20973,,,,,,,,336,,22051,32,122,20973,/scratch/hpc-prf-llmfpga/asa582/projects/c2hls/artifacts/pc2/batch_parallel_complex_tier_a_30_remaining_20260704_100656
batch_parallel_complex_tier_a_30_remaining_20260704_100656,c2hls-tierA-complex,Devstral,Tier-A complex flash,complex/tier_a,True,forgebench_testing_unroll,forgebench_testing_unroll,17250,,308970,592,60,71579,9576,,110938,80,120,55405,,,,,,,,9576,,110938,80,120,55405,/scratch/hpc-prf-llmfpga/asa582/projects/c2hls/artifacts/pc2/batch_parallel_complex_tier_a_30_remaining_20260704_100656
batch_parallel_complex_tier_a_30_remaining_20260704_100656,c2hls-tierA-complex,Devstral,Tier-A complex flash,complex/tier_a,True,forgebench_vec_mtx_p2,forgebench_vec_mtx_p2,391,,12496,256,46,28614,263,,15363,16,62,10506,,,,,,,,263,,15363,16,62,10506,/scratch/hpc-prf-llmfpga/asa582/projects/c2hls/artifacts/pc2/batch_parallel_complex_tier_a_30_remaining_20260704_100656
batch_parallel_complex_tier_a_30_remaining_20260704_100656,c2hls-tierA-complex,Devstral,Tier-A complex flash,complex/tier_a,True,hp_fft_n1024__UF2,hp_fft_n1024__UF2,2738,,62644,192,88,58405,5859,,12186,28,54,20053,,,,,,,,5859,,12186,28,54,20053,/scratch/hpc-prf-llmfpga/asa582/projects/c2hls/artifacts/pc2/batch_parallel_complex_tier_a_30_remaining_20260704_100656
batch_parallel_complex_tier_a_30_remaining_20260704_100656,c2hls-tierA-complex,Devstral,Tier-A complex flash,complex/tier_a,True,hp_fft_n1024__UF32,hp_fft_n1024__UF32,486,,708280,2283,0,809481,4418,,71632,268,30,150464,,,,,,,,4418,,71632,268,30,150464,/scratch/hpc-prf-llmfpga/asa582/projects/c2hls/artifacts/pc2/batch_parallel_complex_tier_a_30_remaining_20260704_100656
batch_parallel_complex_tier_a_30_remaining_20260704_100656,c2hls-tierA-complex,Devstral,Tier-A complex flash,complex/tier_a,True,hp_fft_n1024__UF4,hp_fft_n1024__UF4,1575,,115704,354,112,106279,6271,,20189,44,46,25903,,,,,,,,6271,,20189,44,46,25903,/scratch/hpc-prf-llmfpga/asa582/projects/c2hls/artifacts/pc2/batch_parallel_complex_tier_a_30_remaining_20260704_100656
batch_parallel_complex_tier_a_30_remaining_20260704_100656,c2hls-tierA-complex,Devstral,Tier-A complex flash,complex/tier_a,True,hp_fft_n256__UF2,hp_fft_n256__UF2,652,,45661,144,0,47879,1332,,11530,28,10,16541,,,,,,,,1332,,11530,28,10,16541,/scratch/hpc-prf-llmfpga/asa582/projects/c2hls/artifacts/pc2/batch_parallel_complex_tier_a_30_remaining_20260704_100656
batch_parallel_complex_tier_a_30_remaining_20260704_100656,c2hls-tierA-complex,Devstral,Tier-A complex flash,complex/tier_a,True,hp_fft_n256__UF32,hp_fft_n256__UF32,198,,532687,1515,0,549771,972,,57642,268,10,109911,,,,,,,,972,,57642,268,10,109911,/scratch/hpc-prf-llmfpga/asa582/projects/c2hls/artifacts/pc2/batch_parallel_complex_tier_a_30_remaining_20260704_100656
batch_parallel_complex_tier_a_30_remaining_20260704_100656,c2hls-tierA-complex,Devstral,Tier-A complex flash,complex/tier_a,True,hp_fft_n256__UF4,hp_fft_n256__UF4,423,,92270,258,0,85686,1700,,17628,44,10,22636,,,,,,,,1700,,17628,44,10,22636,/scratch/hpc-prf-llmfpga/asa582/projects/c2hls/artifacts/pc2/batch_parallel_complex_tier_a_30_remaining_20260704_100656
batch_parallel_complex_tier_a_30_remaining_20260704_100656,c2hls-tierA-complex,Devstral,Tier-A complex flash,complex/tier_a,True,hp_fft_n256__UF8,hp_fft_n256__UF8,322,,139851,423,0,165546,2173,,22194,100,14,35415,,,,,,,,2173,,22194,100,14,35415,/scratch/hpc-prf-llmfpga/asa582/projects/c2hls/artifacts/pc2/batch_parallel_complex_tier_a_30_remaining_20260704_100656
hybrid-u280-machsuite-tierA-20260721-012940,chathls-machsuite-tierA,DeepSeek,ChatHLS hybrid agent (machsuite + Tier-A),hybrid-u280-machsuite-tierA,False,forgebench_attention_op_p1,top,754462,,31189,51,280,38022,,,,,,,,,,,,,,754147,,22883,51,224,26902,/scratch/hpc-prf-llmfpga/asa582/projects/test-chathls/ChatHLS-ACL-26/artifacts/pc2/sessions/hybrid-u280-machsuite-tierA-20260721-012940
hybrid-u280-machsuite-tierA-20260721-012940,chathls-machsuite-tierA,DeepSeek,ChatHLS hybrid agent (machsuite + Tier-A),hybrid-u280-machsuite-tierA,False,forgebench_attention_op_p2,top,17057,,44538,228,65,43005,,,,,,,,,,,,,,16742,,36232,228,9,31645,/scratch/hpc-prf-llmfpga/asa582/projects/test-chathls/ChatHLS-ACL-26/artifacts/pc2/sessions/hybrid-u280-machsuite-tierA-20260721-012940
hybrid-u280-machsuite-tierA-20260721-012940,chathls-machsuite-tierA,DeepSeek,ChatHLS hybrid agent (machsuite + Tier-A),hybrid-u280-machsuite-tierA,False,forgebench_attention_op_p3,top,17057,,44539,228,65,43005,,,,,,,,,,,,,,16742,,36233,228,9,31645,/scratch/hpc-prf-llmfpga/asa582/projects/test-chathls/ChatHLS-ACL-26/artifacts/pc2/sessions/hybrid-u280-machsuite-tierA-20260721-012940
hybrid-u280-machsuite-tierA-20260721-012940,chathls-machsuite-tierA,DeepSeek,ChatHLS hybrid agent (machsuite + Tier-A),hybrid-u280-machsuite-tierA,False,forgebench_conv_A,top,133088,,57270,513,112,32215,,,,,,,,,,,,,,29861974,,25661,0,64,2860,/scratch/hpc-prf-llmfpga/asa582/projects/test-chathls/ChatHLS-ACL-26/artifacts/pc2/sessions/hybrid-u280-machsuite-tierA-20260721-012940
hybrid-u280-machsuite-tierA-20260721-012940,chathls-machsuite-tierA,DeepSeek,ChatHLS hybrid agent (machsuite + Tier-A),hybrid-u280-machsuite-tierA,False,forgebench_conv_B,top,454688,,60545,513,552,20623,,,,,,,,,,,,,,454428,,51722,512,524,13765,/scratch/hpc-prf-llmfpga/asa582/projects/test-chathls/ChatHLS-ACL-26/artifacts/pc2/sessions/hybrid-u280-machsuite-tierA-20260721-012940
hybrid-u280-machsuite-tierA-20260721-012940,chathls-machsuite-tierA,DeepSeek,ChatHLS hybrid agent (machsuite + Tier-A),hybrid-u280-machsuite-tierA,False,forgebench_conv_C,top,1375058,,58863,513,640,25827,,,,,,,,,,,,,,1374797,,49747,512,612,14859,/scratch/hpc-prf-llmfpga/asa582/projects/test-chathls/ChatHLS-ACL-26/artifacts/pc2/sessions/hybrid-u280-machsuite-tierA-20260721-012940
hybrid-u280-machsuite-tierA-20260721-012940,chathls-machsuite-tierA,DeepSeek,ChatHLS hybrid agent (machsuite + Tier-A),hybrid-u280-machsuite-tierA,False,forgebench_diff_dims_p1,top,2060282,,41372,384,268,28235,,,,,,,,,,,,,,2060029,,33725,384,212,17664,/scratch/hpc-prf-llmfpga/asa582/projects/test-chathls/ChatHLS-ACL-26/artifacts/pc2/sessions/hybrid-u280-machsuite-tierA-20260721-012940
hybrid-u280-machsuite-tierA-20260721-012940,chathls-machsuite-tierA,DeepSeek,ChatHLS hybrid agent (machsuite + Tier-A),hybrid-u280-machsuite-tierA,False,forgebench_diff_dims_p2,top,1348608,,25611,128,172,19673,,,,,,,,,,,,,,1348355,,18159,128,116,9600,/scratch/hpc-prf-llmfpga/asa582/projects/test-chathls/ChatHLS-ACL-26/artifacts/pc2/sessions/hybrid-u280-machsuite-tierA-20260721-012940
hybrid-u280-machsuite-tierA-20260721-012940,chathls-machsuite-tierA,DeepSeek,ChatHLS hybrid agent (machsuite + Tier-A),hybrid-u280-machsuite-tierA,False,forgebench_diff_dims_p3,top,1188881,,57987,512,412,27429,,,,,,,,,,,,,,1188628,,50475,512,356,17003,/scratch/hpc-prf-llmfpga/asa582/projects/test-chathls/ChatHLS-ACL-26/artifacts/pc2/sessions/hybrid-u280-machsuite-tierA-20260721-012940
hybrid-u280-machsuite-tierA-20260721-012940,chathls-machsuite-tierA,DeepSeek,ChatHLS hybrid agent (machsuite + Tier-A),hybrid-u280-machsuite-tierA,False,forgebench_diff_orders_p1,top,111468,,129037,2048,60,50939,,,,,,,,,,,,,,111278,,121606,2048,4,39520,/scratch/hpc-prf-llmfpga/asa582/projects/test-chathls/ChatHLS-ACL-26/artifacts/pc2/sessions/hybrid-u280-machsuite-tierA-20260721-012940
hybrid-u280-machsuite-tierA-20260721-012940,chathls-machsuite-tierA,DeepSeek,ChatHLS hybrid agent (machsuite + Tier-A),hybrid-u280-machsuite-tierA,False,forgebench_diff_orders_p2,top,49947,,138632,2048,60,47649,,,,,,,,,,,,,,54718,,127536,2048,4,39652,/scratch/hpc-prf-llmfpga/asa582/projects/test-chathls/ChatHLS-ACL-26/artifacts/pc2/sessions/hybrid-u280-machsuite-tierA-20260721-012940
hybrid-u280-machsuite-tierA-20260721-012940,chathls-machsuite-tierA,DeepSeek,ChatHLS hybrid agent (machsuite + Tier-A),hybrid-u280-machsuite-tierA,False,forgebench_diff_orders_p3,top,280012,,134324,2048,60,64291,,,,,,,,,,,,,,279822,,127876,2048,4,52871,/scratch/hpc-prf-llmfpga/asa582/projects/test-chathls/ChatHLS-ACL-26/artifacts/pc2/sessions/hybrid-u280-machsuite-tierA-20260721-012940
hybrid-u280-machsuite-tierA-20260721-012940,chathls-machsuite-tierA,DeepSeek,ChatHLS hybrid agent (machsuite + Tier-A),hybrid-u280-machsuite-tierA,False,forgebench_gpt_transformer_p1,top,73978,,157002,302,67,182146,,,,,,,,,,,,,,80796,,96034,238,16,103068,/scratch/hpc-prf-llmfpga/asa582/projects/test-chathls/ChatHLS-ACL-26/artifacts/pc2/sessions/hybrid-u280-machsuite-tierA-20260721-012940
hybrid-u280-machsuite-tierA-20260721-012940,chathls-machsuite-tierA,DeepSeek,ChatHLS hybrid agent (machsuite + Tier-A),hybrid-u280-machsuite-tierA,False,forgebench_llama_transformer_p2,top,80828,,175614,325,73,95864,,,,,,,,,,,,,,87518,,103979,261,22,56386,/scratch/hpc-prf-llmfpga/asa582/projects/test-chathls/ChatHLS-ACL-26/artifacts/pc2/sessions/hybrid-u280-machsuite-tierA-20260721-012940
hybrid-u280-machsuite-tierA-20260721-012940,chathls-machsuite-tierA,DeepSeek,ChatHLS hybrid agent (machsuite + Tier-A),hybrid-u280-machsuite-tierA,False,forgebench_mlp,top,372981,,425486,8240,76,244029,,,,,,,,,,,,,,378243,,408773,8198,8,217601,/scratch/hpc-prf-llmfpga/asa582/projects/test-chathls/ChatHLS-ACL-26/artifacts/pc2/sessions/hybrid-u280-machsuite-tierA-20260721-012940
hybrid-u280-machsuite-tierA-20260721-012940,chathls-machsuite-tierA,DeepSeek,ChatHLS hybrid agent (machsuite + Tier-A),hybrid-u280-machsuite-tierA,False,forgebench_mult_op_p1,top,10642,,410671,2048,60,40710,,,,,,,,,,,,,,12934,,401871,2048,4,32718,/scratch/hpc-prf-llmfpga/asa582/projects/test-chathls/ChatHLS-ACL-26/artifacts/pc2/sessions/hybrid-u280-machsuite-tierA-20260721-012940
hybrid-u280-machsuite-tierA-20260721-012940,chathls-machsuite-tierA,DeepSeek,ChatHLS hybrid agent (machsuite + Tier-A),hybrid-u280-machsuite-tierA,False,forgebench_mult_op_p2,top,1401,,22216,256,46,35800,,,,,,,,,,,,,,1209,,15795,256,4,28086,/scratch/hpc-prf-llmfpga/asa582/projects/test-chathls/ChatHLS-ACL-26/artifacts/pc2/sessions/hybrid-u280-machsuite-tierA-20260721-012940
hybrid-u280-machsuite-tierA-20260721-012940,chathls-machsuite-tierA,DeepSeek,ChatHLS hybrid agent (machsuite + Tier-A),hybrid-u280-machsuite-tierA,False,forgebench_mult_op_p3,top,419,,6592,16,32,9682,,,,,,,,,,,,,,276,,4732,16,4,5640,/scratch/hpc-prf-llmfpga/asa582/projects/test-chathls/ChatHLS-ACL-26/artifacts/pc2/sessions/hybrid-u280-machsuite-tierA-20260721-012940
hybrid-u280-machsuite-tierA-20260721-012940,chathls-machsuite-tierA,DeepSeek,ChatHLS hybrid agent (machsuite + Tier-A),hybrid-u280-machsuite-tierA,False,forgebench_testing_impl,top,2503,,22126,64,60,13721,,,,,,,,,,,,,,3481,,11549,64,4,5411,/scratch/hpc-prf-llmfpga/asa582/projects/test-chathls/ChatHLS-ACL-26/artifacts/pc2/sessions/hybrid-u280-machsuite-tierA-20260721-012940
hybrid-u280-machsuite-tierA-20260721-012940,chathls-machsuite-tierA,DeepSeek,ChatHLS hybrid agent (machsuite + Tier-A),hybrid-u280-machsuite-tierA,False,forgebench_testing_unroll,top,17250,,308970,592,60,71579,,,,,,,,,,,,,,18350,,305716,592,4,64287,/scratch/hpc-prf-llmfpga/asa582/projects/test-chathls/ChatHLS-ACL-26/artifacts/pc2/sessions/hybrid-u280-machsuite-tierA-20260721-012940
hybrid-u280-machsuite-tierA-20260721-012940,chathls-machsuite-tierA,DeepSeek,ChatHLS hybrid agent (machsuite + Tier-A),hybrid-u280-machsuite-tierA,False,forgebench_tiled_attn_p1,top,754462,,31189,51,280,38022,,,,,,,,,,,,,,754147,,22883,51,224,26902,/scratch/hpc-prf-llmfpga/asa582/projects/test-chathls/ChatHLS-ACL-26/artifacts/pc2/sessions/hybrid-u280-machsuite-tierA-20260721-012940
hybrid-u280-machsuite-tierA-20260721-012940,chathls-machsuite-tierA,DeepSeek,ChatHLS hybrid agent (machsuite + Tier-A),hybrid-u280-machsuite-tierA,False,forgebench_tiled_attn_p2,top,190434,,31545,51,111,38293,,,,,,,,,,,,,,190119,,23239,51,55,27173,/scratch/hpc-prf-llmfpga/asa582/projects/test-chathls/ChatHLS-ACL-26/artifacts/pc2/sessions/hybrid-u280-machsuite-tierA-20260721-012940
hybrid-u280-machsuite-tierA-20260721-012940,chathls-machsuite-tierA,DeepSeek,ChatHLS hybrid agent (machsuite + Tier-A),hybrid-u280-machsuite-tierA,False,forgebench_vec_mtx_p1,top,1399,,22196,256,46,35540,,,,,,,,,,,,,,1208,,15778,256,4,28083,/scratch/hpc-prf-llmfpga/asa582/projects/test-chathls/ChatHLS-ACL-26/artifacts/pc2/sessions/hybrid-u280-machsuite-tierA-20260721-012940
hybrid-u280-machsuite-tierA-20260721-012940,chathls-machsuite-tierA,DeepSeek,ChatHLS hybrid agent (machsuite + Tier-A),hybrid-u280-machsuite-tierA,False,forgebench_vec_mtx_p2,top,391,,12496,256,46,28614,,,,,,,,,,,,,,1160,,8705,256,4,22949,/scratch/hpc-prf-llmfpga/asa582/projects/test-chathls/ChatHLS-ACL-26/artifacts/pc2/sessions/hybrid-u280-machsuite-tierA-20260721-012940
hybrid-u280-machsuite-tierA-20260721-012940,chathls-machsuite-tierA,DeepSeek,ChatHLS hybrid agent (machsuite + Tier-A),hybrid-u280-machsuite-tierA,False,hp_fft_n1024__UF1,FFT_TOP,5811,,37210,96,96,34122,,,,,,,,,,,,,,5809,,37166,96,96,34081,/scratch/hpc-prf-llmfpga/asa582/projects/test-chathls/ChatHLS-ACL-26/artifacts/pc2/sessions/hybrid-u280-machsuite-tierA-20260721-012940
hybrid-u280-machsuite-tierA-20260721-012940,chathls-machsuite-tierA,DeepSeek,ChatHLS hybrid agent (machsuite + Tier-A),hybrid-u280-machsuite-tierA,False,hp_fft_n1024__UF16,FFT_TOP,681,,361152,1173,0,461003,,,,,,,,,,,,,,680,,361108,1173,0,460962,/scratch/hpc-prf-llmfpga/asa582/projects/test-chathls/ChatHLS-ACL-26/artifacts/pc2/sessions/hybrid-u280-machsuite-tierA-20260721-012940
hybrid-u280-machsuite-tierA-20260721-012940,chathls-machsuite-tierA,DeepSeek,ChatHLS hybrid agent (machsuite + Tier-A),hybrid-u280-machsuite-tierA,False,hp_fft_n1024__UF2,FFT_TOP,2738,,62644,192,88,58405,,,,,,,,,,,,,,0,,0,0,0,0,/scratch/hpc-prf-llmfpga/asa582/projects/test-chathls/ChatHLS-ACL-26/artifacts/pc2/sessions/hybrid-u280-machsuite-tierA-20260721-012940
hybrid-u280-machsuite-tierA-20260721-012940,chathls-machsuite-tierA,DeepSeek,ChatHLS hybrid agent (machsuite + Tier-A),hybrid-u280-machsuite-tierA,False,hp_fft_n1024__UF32,FFT_TOP,486,,708280,2283,0,809481,,,,,,,,,,,,,,485,,708236,2283,0,809440,/scratch/hpc-prf-llmfpga/asa582/projects/test-chathls/ChatHLS-ACL-26/artifacts/pc2/sessions/hybrid-u280-machsuite-tierA-20260721-012940
hybrid-u280-machsuite-tierA-20260721-012940,chathls-machsuite-tierA,DeepSeek,ChatHLS hybrid agent (machsuite + Tier-A),hybrid-u280-machsuite-tierA,False,hp_fft_n1024__UF4,FFT_TOP,1575,,115704,354,112,106279,,,,,,,,,,,,,,1575,,115671,354,112,106246,/scratch/hpc-prf-llmfpga/asa582/projects/test-chathls/ChatHLS-ACL-26/artifacts/pc2/sessions/hybrid-u280-machsuite-tierA-20260721-012940
hybrid-u280-machsuite-tierA-20260721-012940,chathls-machsuite-tierA,DeepSeek,ChatHLS hybrid agent (machsuite + Tier-A),hybrid-u280-machsuite-tierA,False,hp_fft_n1024__UF8,FFT_TOP,948,,214551,615,0,202271,,,,,,,,,,,,,,946,,214522,615,0,203261,/scratch/hpc-prf-llmfpga/asa582/projects/test-chathls/ChatHLS-ACL-26/artifacts/pc2/sessions/hybrid-u280-machsuite-tierA-20260721-012940
hybrid-u280-machsuite-tierA-20260721-012940,chathls-machsuite-tierA,DeepSeek,ChatHLS hybrid agent (machsuite + Tier-A),hybrid-u280-machsuite-tierA,False,hp_fft_n1024__no_StagePipeline,FFT_TOP,5162,,9426,48,43,12904,,,,,,,,,,,,,,5018,,5122,48,13,7481,/scratch/hpc-prf-llmfpga/asa582/projects/test-chathls/ChatHLS-ACL-26/artifacts/pc2/sessions/hybrid-u280-machsuite-tierA-20260721-012940
hybrid-u280-machsuite-tierA-20260721-012940,chathls-machsuite-tierA,DeepSeek,ChatHLS hybrid agent (machsuite + Tier-A),hybrid-u280-machsuite-tierA,False,hp_fft_n1024__original_C_style,FFT_TOP,37281,,24092,214,41,24377,,,,,,,,,,,,,,37137,,19720,214,11,18872,/scratch/hpc-prf-llmfpga/asa582/projects/test-chathls/ChatHLS-ACL-26/artifacts/pc2/sessions/hybrid-u280-machsuite-tierA-20260721-012940
hybrid-u280-machsuite-tierA-20260721-012940,chathls-machsuite-tierA,DeepSeek,ChatHLS hybrid agent (machsuite + Tier-A),hybrid-u280-machsuite-tierA,False,hp_fft_n256__UF1,FFT_TOP,1293,,23261,72,40,26290,,,,,,,,,,,,,,1291,,23217,72,40,26249,/scratch/hpc-prf-llmfpga/asa582/projects/test-chathls/ChatHLS-ACL-26/artifacts/pc2/sessions/hybrid-u280-machsuite-tierA-20260721-012940
hybrid-u280-machsuite-tierA-20260721-012940,chathls-machsuite-tierA,DeepSeek,ChatHLS hybrid agent (machsuite + Tier-A),hybrid-u280-machsuite-tierA,False,hp_fft_n256__UF16,FFT_TOP,241,,269842,789,0,293552,,,,,,,,,,,,,,0,,0,0,0,0,/scratch/hpc-prf-llmfpga/asa582/projects/test-chathls/ChatHLS-ACL-26/artifacts/pc2/sessions/hybrid-u280-machsuite-tierA-20260721-012940
hybrid-u280-machsuite-tierA-20260721-012940,chathls-machsuite-tierA,DeepSeek,ChatHLS hybrid agent (machsuite + Tier-A),hybrid-u280-machsuite-tierA,False,hp_fft_n256__UF2,FFT_TOP,652,,45661,144,0,47879,,,,,,,,,,,,,,650,,45632,144,0,48101,/scratch/hpc-prf-llmfpga/asa582/projects/test-chathls/ChatHLS-ACL-26/artifacts/pc2/sessions/hybrid-u280-machsuite-tierA-20260721-012940
hybrid-u280-machsuite-tierA-20260721-012940,chathls-machsuite-tierA,DeepSeek,ChatHLS hybrid agent (machsuite + Tier-A),hybrid-u280-machsuite-tierA,False,hp_fft_n256__UF32,FFT_TOP,198,,532687,1515,0,549771,,,,,,,,,,,,,,197,,532643,1515,0,549730,/scratch/hpc-prf-llmfpga/asa582/projects/test-chathls/ChatHLS-ACL-26/artifacts/pc2/sessions/hybrid-u280-machsuite-tierA-20260721-012940
hybrid-u280-machsuite-tierA-20260721-012940,chathls-machsuite-tierA,DeepSeek,ChatHLS hybrid agent (machsuite + Tier-A),hybrid-u280-machsuite-tierA,False,hp_fft_n256__UF4,FFT_TOP,423,,92270,258,0,85686,,,,,,,,,,,,,,423,,92237,258,0,85651,/scratch/hpc-prf-llmfpga/asa582/projects/test-chathls/ChatHLS-ACL-26/artifacts/pc2/sessions/hybrid-u280-machsuite-tierA-20260721-012940
hybrid-u280-machsuite-tierA-20260721-012940,chathls-machsuite-tierA,DeepSeek,ChatHLS hybrid agent (machsuite + Tier-A),hybrid-u280-machsuite-tierA,False,hp_fft_n256__UF8,FFT_TOP,322,,139851,423,0,165546,,,,,,,,,,,,,,0,,0,0,0,0,/scratch/hpc-prf-llmfpga/asa582/projects/test-chathls/ChatHLS-ACL-26/artifacts/pc2/sessions/hybrid-u280-machsuite-tierA-20260721-012940
hybrid-u280-machsuite-tierA-20260721-012940,chathls-machsuite-tierA,DeepSeek,ChatHLS hybrid agent (machsuite + Tier-A),hybrid-u280-machsuite-tierA,False,hp_fft_n256__no_StagePipeline,FFT_TOP,1684,,9663,48,34,12978,,,,,,,,,,,,,,1540,,5359,48,4,7551,/scratch/hpc-prf-llmfpga/asa582/projects/test-chathls/ChatHLS-ACL-26/artifacts/pc2/sessions/hybrid-u280-machsuite-tierA-20260721-012940
hybrid-u280-machsuite-tierA-20260721-012940,chathls-machsuite-tierA,DeepSeek,ChatHLS hybrid agent (machsuite + Tier-A),hybrid-u280-machsuite-tierA,False,hp_fft_n256__original_C_style,FFT_TOP,8509,,24131,214,34,24193,,,,,,,,,,,,,,8365,,19759,214,4,18688,/scratch/hpc-prf-llmfpga/asa582/projects/test-chathls/ChatHLS-ACL-26/artifacts/pc2/sessions/hybrid-u280-machsuite-tierA-20260721-012940
hybrid-u280-machsuite-tierA-20260721-012940,chathls-machsuite-tierA,DeepSeek,ChatHLS hybrid agent (machsuite + Tier-A),hybrid-u280-machsuite-tierA,False,machsuite_aes_table,aes256_encrypt_ecb,134242,,351304,0,16,124371,,,,,,,,,,,,,,,,,,,,/scratch/hpc-prf-llmfpga/asa582/projects/test-chathls/ChatHLS-ACL-26/artifacts/pc2/sessions/hybrid-u280-machsuite-tierA-20260721-012940
hybrid-u280-machsuite-tierA-20260721-012940,chathls-machsuite-tierA,DeepSeek,ChatHLS hybrid agent (machsuite + Tier-A),hybrid-u280-machsuite-tierA,False,machsuite_aes_tableless,aes256_encrypt_ecb,146890,,105752,0,16,34707,,,,,,,,,,,,,,,,,,,,/scratch/hpc-prf-llmfpga/asa582/projects/test-chathls/ChatHLS-ACL-26/artifacts/pc2/sessions/hybrid-u280-machsuite-tierA-20260721-012940
hybrid-u280-machsuite-tierA-20260721-012940,chathls-machsuite-tierA,DeepSeek,ChatHLS hybrid agent (machsuite + Tier-A),hybrid-u280-machsuite-tierA,False,machsuite_backprop,backprop,279873283,,196108,562,32,168384,,,,,,,,,,,,,,,,,,,,/scratch/hpc-prf-llmfpga/asa582/projects/test-chathls/ChatHLS-ACL-26/artifacts/pc2/sessions/hybrid-u280-machsuite-tierA-20260721-012940
hybrid-u280-machsuite-tierA-20260721-012940,chathls-machsuite-tierA,DeepSeek,ChatHLS hybrid agent (machsuite + Tier-A),hybrid-u280-machsuite-tierA,False,machsuite_bfs_bulk,bfs,14652591,,7661,0,8,4011,,,,,,,,,,,,,,208650,,665,0,0,462,/scratch/hpc-prf-llmfpga/asa582/projects/test-chathls/ChatHLS-ACL-26/artifacts/pc2/sessions/hybrid-u280-machsuite-tierA-20260721-012940
hybrid-u280-machsuite-tierA-20260721-012940,chathls-machsuite-tierA,DeepSeek,ChatHLS hybrid agent (machsuite + Tier-A),hybrid-u280-machsuite-tierA,False,machsuite_fft_transpose,fft1D_512,26433,,61297,318,46,84068,,,,,,,,,,,,,,,,,,,,/scratch/hpc-prf-llmfpga/asa582/projects/test-chathls/ChatHLS-ACL-26/artifacts/pc2/sessions/hybrid-u280-machsuite-tierA-20260721-012940
hybrid-u280-machsuite-tierA-20260721-012940,chathls-machsuite-tierA,DeepSeek,ChatHLS hybrid agent (machsuite + Tier-A),hybrid-u280-machsuite-tierA,False,machsuite_gemm_blocked,bbgemm,901125,,40482,22,30,23882,,,,,,,,,,,,,,1377281,,3164,8,0,3347,/scratch/hpc-prf-llmfpga/asa582/projects/test-chathls/ChatHLS-ACL-26/artifacts/pc2/sessions/hybrid-u280-machsuite-tierA-20260721-012940
hybrid-u280-machsuite-tierA-20260721-012940,chathls-machsuite-tierA,DeepSeek,ChatHLS hybrid agent (machsuite + Tier-A),hybrid-u280-machsuite-tierA,False,machsuite_gemm_ncubed,gemm,295512,,152198,11,30,60410,,,,,,,,,,,,,,,,,,,,/scratch/hpc-prf-llmfpga/asa582/projects/test-chathls/ChatHLS-ACL-26/artifacts/pc2/sessions/hybrid-u280-machsuite-tierA-20260721-012940
hybrid-u280-machsuite-tierA-20260721-012940,chathls-machsuite-tierA,DeepSeek,ChatHLS hybrid agent (machsuite + Tier-A),hybrid-u280-machsuite-tierA,False,machsuite_md_grid,md,,,,,,,,,,,,,,,,,,,,,,,,,,/scratch/hpc-prf-llmfpga/asa582/projects/test-chathls/ChatHLS-ACL-26/artifacts/pc2/sessions/hybrid-u280-machsuite-tierA-20260721-012940
hybrid-u280-machsuite-tierA-20260721-012940,chathls-machsuite-tierA,DeepSeek,ChatHLS hybrid agent (machsuite + Tier-A),hybrid-u280-machsuite-tierA,False,machsuite_md_knn,md_kernel,13748,,126733,41,30,60210,,,,,,,,,,,,,,2560,,21357,208,0,48895,/scratch/hpc-prf-llmfpga/asa582/projects/test-chathls/ChatHLS-ACL-26/artifacts/pc2/sessions/hybrid-u280-machsuite-tierA-20260721-012940
hybrid-u280-machsuite-tierA-20260721-012940,chathls-machsuite-tierA,DeepSeek,ChatHLS hybrid agent (machsuite + Tier-A),hybrid-u280-machsuite-tierA,False,machsuite_sort_radix,ss_sort,19274417,,258439,0,30,85276,,,,,,,,,,,,,,,,,,,,/scratch/hpc-prf-llmfpga/asa582/projects/test-chathls/ChatHLS-ACL-26/artifacts/pc2/sessions/hybrid-u280-machsuite-tierA-20260721-012940
hybrid-u280-machsuite-tierA-20260721-012940,chathls-machsuite-tierA,DeepSeek,ChatHLS hybrid agent (machsuite + Tier-A),hybrid-u280-machsuite-tierA,False,machsuite_spmv_ellpack,ellpack,270219,,14335,11,8,8703,,,,,,,,,,,,,,2559,,3039,22,0,5201,/scratch/hpc-prf-llmfpga/asa582/projects/test-chathls/ChatHLS-ACL-26/artifacts/pc2/sessions/hybrid-u280-machsuite-tierA-20260721-012940
hybrid-u280-machsuite-tierA-20260721-012940,chathls-machsuite-tierA,DeepSeek,ChatHLS hybrid agent (machsuite + Tier-A),hybrid-u280-machsuite-tierA,False,machsuite_stencil2D,stencil,140762,,7706,3,4,6501,,,,,,,,,,,,,,12108,,6711,18,0,3032,/scratch/hpc-prf-llmfpga/asa582/projects/test-chathls/ChatHLS-ACL-26/artifacts/pc2/sessions/hybrid-u280-machsuite-tierA-20260721-012940
hybrid-u280-machsuite-tierA-20260721-012940,chathls-machsuite-tierA,DeepSeek,ChatHLS hybrid agent (machsuite + Tier-A),hybrid-u280-machsuite-tierA,False,machsuite_stencil3D,stencil3d,90919,,32316,3,30,15346,,,,,,,,,,,,,,22793,,68485,9,0,20367,/scratch/hpc-prf-llmfpga/asa582/projects/test-chathls/ChatHLS-ACL-26/artifacts/pc2/sessions/hybrid-u280-machsuite-tierA-20260721-012940
hybrid-u280-machsuite-tierA-20260721-012940,chathls-machsuite-tierA,DeepSeek,ChatHLS hybrid agent (machsuite + Tier-A),hybrid-u280-machsuite-tierA,False,machsuite_viterbi,viterbi,636989,,348625,21,240,141196,,,,,,,,,,,,,,,,,,,,/scratch/hpc-prf-llmfpga/asa582/projects/test-chathls/ChatHLS-ACL-26/artifacts/pc2/sessions/hybrid-u280-machsuite-tierA-20260721-012940
hybrid-u280-machsuite-tierA-20260721-012940,chathls-machsuite-tierA,DeepSeek,ChatHLS hybrid agent (machsuite + Tier-A),hybrid-u280-machsuite-tierA,False,spector_hls_dct,DCT,229244929,,24336,20,2,12765,,,,,,,,,,,,,,,,27578,324,0,38750,/scratch/hpc-prf-llmfpga/asa582/projects/test-chathls/ChatHLS-ACL-26/artifacts/pc2/sessions/hybrid-u280-machsuite-tierA-20260721-012940
hybrid-u280-machsuite-tierA-20260721-012940,chathls-machsuite-tierA,DeepSeek,ChatHLS hybrid agent (machsuite + Tier-A),hybrid-u280-machsuite-tierA,False,spector_hls_fir,fir_hls,273177,,19654,25,16,25139,,,,,,,,,,,,,,,,,,,,/scratch/hpc-prf-llmfpga/asa582/projects/test-chathls/ChatHLS-ACL-26/artifacts/pc2/sessions/hybrid-u280-machsuite-tierA-20260721-012940
hybrid-u280-machsuite-tierA-20260721-012940,chathls-machsuite-tierA,DeepSeek,ChatHLS hybrid agent (machsuite + Tier-A),hybrid-u280-machsuite-tierA,False,spector_hls_histogram,histogram_hls,1762,,5601,0,10,3851,,,,,,,,,,,,,,515,,275,0,0,152,/scratch/hpc-prf-llmfpga/asa582/projects/test-chathls/ChatHLS-ACL-26/artifacts/pc2/sessions/hybrid-u280-machsuite-tierA-20260721-012940
hybrid-u280-machsuite-tierA-20260721-012940,chathls-machsuite-tierA,DeepSeek,ChatHLS hybrid agent (machsuite + Tier-A),hybrid-u280-machsuite-tierA,False,spector_hls_matrix_multiplication,matrix_mul,153592266753,,10080,3,30,8937,,,,,,,,,,,,,,,,,,,,/scratch/hpc-prf-llmfpga/asa582/projects/test-chathls/ChatHLS-ACL-26/artifacts/pc2/sessions/hybrid-u280-machsuite-tierA-20260721-012940
hybrid-u280-machsuite-tierA-20260721-012940,chathls-machsuite-tierA,DeepSeek,ChatHLS hybrid agent (machsuite + Tier-A),hybrid-u280-machsuite-tierA,False,spector_hls_mergesort,mergesort,21971,,117276,19,30,48096,,,,,,,,,,,,,,,,,,,,/scratch/hpc-prf-llmfpga/asa582/projects/test-chathls/ChatHLS-ACL-26/artifacts/pc2/sessions/hybrid-u280-machsuite-tierA-20260721-012940
hybrid-u280-machsuite-tierA-20260721-012940,chathls-machsuite-tierA,DeepSeek,ChatHLS hybrid agent (machsuite + Tier-A),hybrid-u280-machsuite-tierA,False,spector_hls_normals,normals,11770040,,43291,14,62,28092,,,,,,,,,,,,,,,,,,,,/scratch/hpc-prf-llmfpga/asa582/projects/test-chathls/ChatHLS-ACL-26/artifacts/pc2/sessions/hybrid-u280-machsuite-tierA-20260721-012940
hybrid-u280-machsuite-tierA-20260721-012940,chathls-machsuite-tierA,DeepSeek,ChatHLS hybrid agent (machsuite + Tier-A),hybrid-u280-machsuite-tierA,False,spector_hls_sobel_filter_x,sobel_x,,,,,,,,,,,,,,,,,,,,677927,,5568,8,0,1028,/scratch/hpc-prf-llmfpga/asa582/projects/test-chathls/ChatHLS-ACL-26/artifacts/pc2/sessions/hybrid-u280-machsuite-tierA-20260721-012940
hybrid-u280-machsuite-tierA-20260721-012940,chathls-machsuite-tierA,DeepSeek,ChatHLS hybrid agent (machsuite + Tier-A),hybrid-u280-machsuite-tierA,False,spector_hls_sobel_filter_y,sobel_y,,,,,,,,,,,,,,,,,,,,,,,,,,/scratch/hpc-prf-llmfpga/asa582/projects/test-chathls/ChatHLS-ACL-26/artifacts/pc2/sessions/hybrid-u280-machsuite-tierA-20260721-012940
hybrid-u280-machsuite-tierA-20260721-012940,chathls-machsuite-tierA,DeepSeek,ChatHLS hybrid agent (machsuite + Tier-A),hybrid-u280-machsuite-tierA,False,spector_hls_spmv,spmv,225793,,17169,8,4,15200,,,,,,,,,,,,,,,,,,,,/scratch/hpc-prf-llmfpga/asa582/projects/test-chathls/ChatHLS-ACL-26/artifacts/pc2/sessions/hybrid-u280-machsuite-tierA-20260721-012940
hybrid-u280-machsuite-tierA-20260721-012940,chathls-machsuite-tierA,DeepSeek,ChatHLS hybrid agent (machsuite + Tier-A),hybrid-u280-machsuite-tierA,False,spector_hls_template_matching,SAD_MATCH,44280002,,3466,2,1,1171,,,,,,,,,,,,,,,,6677,0,0,2946,/scratch/hpc-prf-llmfpga/asa582/projects/test-chathls/ChatHLS-ACL-26/artifacts/pc2/sessions/hybrid-u280-machsuite-tierA-20260721-012940
